,11,12,13,14,16,17,18,19,20,21,22,24,26,29,31,32,35,36,37,38,40,41,42,43,45,46,48,49,50,52,53,54,55,56,57,58,59,61,62,63,64,65,66,67,69,70,72,74,79,80,81,82,83,84,85,86,89,90,91,92,93,94,95,97,99,101,102,103,104,105,106,108,109,110,111,113,114,115,116,117,118,119,120,121,123,125,126
11,1.0,0.3775586351925948,0.3604115166048355,0.34436721395688014,0.23708562621404622,0.038386260233559566,0.21673983037590291,0.35430158422265134,0.12028805428937928,0.3345926070240068,0.16820547021238708,0.5759592773414094,0.1467015758943966,0.1694067249248022,0.23835176923149173,0.39626087961378614,0.36319987762664374,0.3253801715840051,0.3148296968736289,0.5169400382109892,-0.11204239899828011,0.26730185417655966,0.09773028335877011,0.16762930857424665,0.37709415468543717,0.40023561652308964,0.05680106126411297,0.4179283520959121,0.4135709490872682,0.41101854178845276,0.2988351057515888,0.2730801506724958,0.3993038533806201,0.27519499887745075,0.288428518077095,0.10907861448819087,0.2810253024638578,0.3840780998903695,0.08356545286870892,0.3032700493607331,0.2777189278827903,0.2433495289886302,0.3059982053808846,0.42690605191950665,0.20616671058669456,0.5390458598598183,0.3495937280230223,0.4151938799991766,0.0856009861290404,0.21484883211628786,0.34713860144682074,0.1074813187200268,0.2919424801706453,0.07842206925885196,0.33902278490225146,0.3937035687421734,0.008273345027490133,0.4441784514590301,0.3518967770704748,0.3749920843757207,0.2202313412174971,0.3738017712366847,0.3002331055954244,0.3164702792137415,0.3459731595953467,0.26411592090299485,-0.019032452535900087,0.34572054343464376,0.4420676900827628,0.42468099714941243,0.3502481803894828,-0.013209451838276143,0.07350130000902645,0.3031336726457038,0.12144472058676467,0.5253661953607287,0.4005218279293827,0.37419040348246774,0.12326249513631823,0.23938763563761142,0.051352697300415674,-0.1486059209000147,-0.18117145553085018,0.5874074969518004,0.13731614866513825,0.12345350035824156,0.38206282678611975
12,0.3775586351925948,1.0,0.40001883540475036,0.1810929070431901,0.30490192979532693,0.04465200822642082,0.21472701097029434,0.5929283444554503,0.17029130104166976,0.36058594588461745,0.15858734894744544,0.3258522649947388,0.28946565943910446,0.02110108615530672,0.20105921420872158,0.19540697458192424,0.34360650656134334,0.15218437662391354,0.27499505649684075,0.5617171832033131,0.07884702042597179,0.03552922792273692,0.24426249358730973,0.2837832827656615,0.39488410389823814,0.25345643600618706,0.1343661293066556,0.3638076095915912,0.29694512673368983,0.200015722392797,0.2798329380804994,0.31499776006110897,0.41688216771639647,0.3003290150403682,0.3331165669131831,0.04279619301999586,0.39602855518960095,0.3442877441720689,-0.05471376509339073,0.20781245243550986,0.4735912476862151,0.33667595917001536,0.3415162446275544,0.5625010460666914,0.2578162472067114,0.5024083194163684,0.4614281528812,0.398588213766774,0.11176614969891818,0.27195790282061405,0.35522292978590114,0.01382644737857994,0.26765297576771646,0.21769976160066332,0.2646904364794834,0.4237049231938473,0.06518557311123314,0.3893219198104358,0.3247920236286241,0.5393939044869827,0.00938946985209204,0.29994817360138565,0.3230935660612443,0.3579017897033092,0.25727216961535015,-0.057486588251975994,0.10418383443118187,0.3622017336328546,0.4747250180589923,0.39709175320385326,0.46430812132396765,0.1897571861054958,0.18442341457141165,0.39749935592304847,-0.17466534797787167,0.433920725825436,0.371896927663049,0.2836649369461916,0.25355259585431533,0.07492433488269082,0.3363479929056231,-0.19788653095253914,0.12009529218003609,0.520549509780021,0.3115359799176123,-0.22583110660656422,0.18304937507558497
13,0.3604115166048355,0.40001883540475036,1.0,0.3015779884918709,0.24855304045977378,0.14477332967148313,0.3570016810323728,0.5451041991492886,0.3747154933747485,0.4156032676515719,0.13086284042549615,0.4369470460955171,0.398885568730354,0.490366340945847,0.05775014257084045,0.36028731563427246,0.45396585203888323,0.10843168714733607,0.4154353967366831,0.6793694702604312,0.05670488564204413,0.33370992953378675,0.13402644597647204,0.4337968878903711,0.29489017386154653,0.4278216478846485,0.20070025926803914,0.5100075043309181,0.34589218750143064,0.30757758381620176,0.3133791816856096,0.31574211189617196,0.4411426668392608,0.4445124803337744,0.29879644429897056,0.15429876082452654,0.45363053173386786,0.5439054530295585,0.06602294299766533,0.040422522629750664,0.43571992622003486,0.08437186935584412,0.5267853974510337,0.5350079721027896,0.09949688186106616,0.42726249685334594,0.34339016168849124,0.48676034399538726,0.207759778595214,0.28125292731353724,0.5732864969447586,0.10279579023822223,0.449757646853927,0.27931942928532355,0.3334811693904223,0.4154091965377207,0.39705411210263375,0.41348658652919434,0.31972841723961565,0.42686346472657216,0.23883552794699026,0.6234771687790992,0.29012872815197494,0.5428916568426699,0.33755307648272115,-0.038642830464329404,0.19426133684302188,0.28450813735667174,0.6064498928342489,0.556668443827942,0.34348691662155295,0.2254906268415821,0.26932754418821114,0.642943170212523,0.15639158194358657,0.526425929690042,0.5855998018999862,0.30930692732407933,0.3393774352690971,0.17006501872232122,0.20917732099900355,-0.11251769216090712,0.09688314709951601,0.4818617865323226,-0.0034031984222057023,0.14763084213913596,0.30946309391513616
14,0.34436721395688014,0.1810929070431901,0.3015779884918709,1.0,0.35480179628354647,0.5150830510247582,0.35754816901661707,0.3408658619600161,0.009286368144858038,0.2838130568202576,0.29855069101464143,0.24913871881397123,0.08456388741965999,0.16689405239743635,0.2060913666743218,0.4011247134344382,0.3224533776686216,0.21510268966377402,0.5412211652800265,0.335412270914943,0.3604707739250686,0.20068896826339738,0.08227848101265825,0.3470419265645321,0.3495997389971736,0.3169174306582478,0.2916093816690022,0.42688444071912907,0.4282910886450659,0.27337543122402574,0.41061724524605114,0.33298880705144573,0.4722881592667993,0.08111861724869344,0.5030458962269273,0.07906651496880597,0.0593047345005613,0.3947285652369387,0.08639190452395575,0.13143211429854124,0.27555931996179944,0.3560012689920082,0.3481342135074789,0.30230083506205047,0.07218896177518402,0.38024880963733404,0.19913516215460444,0.39808276539172555,0.05147925154773481,0.04082846194876852,0.28127713475723826,0.504847972013896,0.35201399608785056,0.23247977315115448,0.43218883571637645,0.37747812031763694,0.08804388258354953,0.4447008758878195,0.41836891301160467,0.35222142546341373,0.4466291506325892,0.24591951116897537,0.46443519074647244,0.30346927620098046,0.6499909886938289,0.016548434455112056,0.14361013937738784,0.4242837745991257,0.3612584745029987,0.20283900447841344,0.13519769541448903,0.1739195252603654,0.06472996458773057,0.3327991612316198,0.21911000677361306,0.2166361865336293,0.3955719588259058,0.28228717565371914,0.01211127043837811,0.234776956204531,0.1160189859865564,-0.03513464803750423,-0.018826594726475323,0.22561244912034573,0.1076355717352727,0.1663234335698993,0.07682591621626943
16,0.23708562621404622,0.30490192979532693,0.24855304045977378,0.35480179628354647,1.0,0.15656004244998922,0.35226385620674594,0.25201856959636143,0.30614370084181186,0.47285361317418906,0.35923554144148323,0.2958658598180327,0.3949408403645904,0.16381348103237814,0.07205984687792935,0.497192918163906,0.39029196326307364,0.09505080635309636,0.46519888596822945,0.36257501650913954,0.04913290614411062,0.3732166456900811,-0.11093247170384302,0.3757560762101846,0.3508538414102894,0.5033254910862032,0.10119459531461877,0.4581939358676307,0.5877975418474521,0.3937221332771905,0.4750726388666015,0.3640733148182097,0.39571070854826174,0.21790083122662576,0.5500400463904539,0.13808698677606987,0.11096508952513837,0.5251809771771591,0.2502859884033498,0.1990326208942958,0.4650329275845169,0.23161177055248722,0.4973340969809977,0.40463262547208567,0.3208007868433533,0.35786627548226596,0.23940335728857262,0.38177729807760996,-0.022592649024425607,0.3570617440604239,0.5092057179285183,0.21308060861628705,0.42490971407187406,0.31886466764478,0.24090769601328035,0.4676047997006568,0.1224510200755645,0.49978820049675926,0.4597456018276921,0.24825585583154636,0.5336433606207458,0.27024095277465404,0.615067437669438,0.4578317557969111,0.5129543208094565,0.14851144382444778,0.2773417676937662,0.3845875449799052,0.3256390571822684,0.32860483566161375,0.3763741630278081,-0.07701857503862981,0.18752918176102445,0.5428907280704883,0.13401905002576905,0.27339876206078245,0.44699668988156266,0.21674606649125885,0.28139187525165876,0.1895483748018297,0.3505039293043938,0.0937658435888254,0.019143928922805475,0.28874252882015844,0.1246958045003447,-0.08214086393810778,0.07387099994712984
17,0.038386260233559566,0.04465200822642082,0.14477332967148313,0.5150830510247582,0.15656004244998922,1.0,0.21307278578850056,0.20144003222908202,0.0842957092792804,0.12625657319469347,-0.03959680884912746,0.12774496809405142,0.13654723207403416,0.1606601617837035,0.15862260637578215,0.38624214578746957,0.3785228045960681,0.3445001051452944,0.384460254458356,0.1587880804274056,0.26773860590395304,0.36419122149187183,0.20702152630650866,0.44812301256672665,0.2805408111074792,0.21886739789962315,0.2161216284659814,0.26514871694846026,0.30493456898686694,0.20498630058401182,0.3557738068621921,0.3972084426564083,0.290925915281211,0.15104470022975083,0.35716872857097115,0.3502312358350592,0.10268569222066125,0.1927649578501185,0.3523463000079369,0.18662495016670583,0.14602668546100211,0.12707307501572102,0.29778239286567776,0.17775505041033443,0.1487238739579621,0.14031386826289574,-0.04991460066824986,0.27796466768942557,0.3579490355593625,0.18085282614521966,0.21073472638961788,0.4998019610221523,0.23815540872989885,0.2008225013199547,0.1935325186455638,0.11980786340301386,0.026175919045545785,0.1464365976081306,0.23237585186386936,0.20019517802294853,0.2938849047829014,-0.030663461553010796,0.31658174299855013,0.3313182145520681,0.3697483522096986,0.06788612279526375,0.3175588471436073,0.40322761504054394,0.2853816381530742,0.12301720797080762,-0.056641762586156545,-0.010422156818065431,0.1859291518072391,0.05809495932839344,0.21686379227555572,0.17519913386673588,0.38174510557592717,0.016109904103519822,-0.06584220769002118,0.16226219504127606,0.25921686787213727,0.1121511589640792,-0.06907233353734614,0.20148253283681558,-0.021451190555679546,0.15512120913711855,0.227150284695814
18,0.21673983037590291,0.21472701097029434,0.3570016810323728,0.35754816901661707,0.35226385620674594,0.21307278578850056,1.0,0.1720082655075798,0.280853606653491,0.6167060164999726,0.16967122576249483,0.23176458962542187,0.3196900069539271,0.32966798875942743,0.24468207072007775,0.274728837052185,0.21842793734423888,0.11577830423306953,0.2774738210806839,0.29820815328746814,0.3284866128224965,0.20009556891615238,0.013447372472027654,0.4887755714827411,0.51737913636726,0.48337098192676425,0.2484978724174761,0.6550802941945792,0.39594576722455355,0.19075317726172547,0.48416786488283947,0.284368170937889,0.3756253770988378,0.12390517844264204,0.6053154823677057,-0.09510691127919663,0.34593835997474937,0.5762722955418502,0.3994785961294206,0.2798354886419947,0.20293631027069553,0.07547942973965244,0.5264423504316394,0.39995313323813697,0.3741515459889521,0.4321598267596946,0.21525901344143317,0.417899069757706,0.37161265957734435,0.39523000756259913,0.5534353580240442,0.429860195750312,0.3460135742312443,0.35041101336157315,0.215266222477502,0.4528785584989001,0.1683141570793593,0.3751375177371722,0.26142562427141125,0.3720805902643032,0.3935046552086639,0.20928035933206024,0.3751542892474252,0.4171825714661427,0.4622998982940336,0.07962260575935996,0.40776152082272393,0.38572713814458864,0.41652505048356153,0.4513264814851718,0.3717155353279262,0.23908909555719818,0.22381075372082546,0.48591900499438523,0.11650689593432625,0.10004627330994909,0.3642414860992775,0.27612196594682786,0.05232699203690512,0.377640016455996,0.26661702043348495,-0.3587999210640261,0.07444166651040497,0.2061375631646085,0.11256467877801503,0.05794034868047569,0.03960503887358857
19,0.35430158422265134,0.5929283444554503,0.5451041991492886,0.3408658619600161,0.25201856959636143,0.20144003222908202,0.1720082655075798,1.0,0.27360312383037655,0.2742942270640758,0.22115641041625037,0.4129055121664713,0.2244619091207421,0.35111188236118235,0.1751551917829169,0.4093010067900725,0.5294691102945713,0.2749037785248739,0.5542664011474165,0.5411509111731215,0.1638438652027582,0.3324658395290808,0.412666242735348,0.4266443531152991,0.38271968818122315,0.30113186881054244,0.35898089089933233,0.40835034763147876,0.3642058998983732,0.3678387456556059,0.36323974976242107,0.38275570879071813,0.5486286399449203,0.4274191499912162,0.2968425559476896,0.2992049777015694,0.40809846616120754,0.42263341745186184,0.1384485219366347,0.1436887530135206,0.4478204331353062,0.3411202370912234,0.3507707007254953,0.5593453323720027,0.33672341289014507,0.40410645502511194,0.40186870769100225,0.3062628404956548,0.02414682934922986,0.23860932245356956,0.3443571842440171,0.13833140164738608,0.4293791218023751,0.4943522212036024,0.530796083376436,0.329537796576085,0.40412064686055066,0.47791551178821456,0.30877721174623446,0.5375271988002258,0.08241600431641037,0.4785416151877894,0.34897969826368225,0.37500738131855615,0.34294287591332623,0.0024172569361891093,-0.005169172551829216,0.30196131491489336,0.5355158368683925,0.45992480772209215,0.30416561982342055,0.35679884252325,0.08979931730361236,0.3957069582159193,-0.0648465465425764,0.5209287591834516,0.5217763847179568,0.35528560999745273,0.1627060621060743,0.32069744413691403,0.3875164842338527,-0.15172673335806347,0.04455488501735664,0.6086121815498613,0.06568300251839862,-0.05163681324143621,0.3398484178811887
20,0.12028805428937928,0.17029130104166976,0.3747154933747485,0.009286368144858038,0.30614370084181186,0.0842957092792804,0.280853606653491,0.27360312383037655,1.0,0.3716015429002381,0.15197371709957883,0.37328641165254617,0.2977039660776272,0.2147505916397436,0.263831584961967,0.14915940939734473,0.4451705551547893,0.25454147236127644,0.37729675932088247,0.30954638471280504,0.13058943944187543,0.4018977175907307,0.07469908634238769,0.23251258976864755,0.2807238945750812,0.3544933059271034,0.14832195176990248,0.3494954701931703,0.43378281051819945,0.12866415268899037,0.2696171044986031,0.2925462200769378,0.35973984477505416,0.13438824602209942,0.25458925676892574,0.0760201421583835,0.27217752087363073,0.47289202002824476,0.20818100098595993,0.19251580744720218,0.32608274278478794,0.15404781359171177,0.28837490036423624,0.49893541398025054,0.0986604320874761,0.1793184949557478,0.35951169427214164,0.2578041432484366,-0.011989968799768656,0.40161265505493654,0.5311393093799276,0.3834594086989082,0.37770556364695074,0.36602865243828303,0.202348417067601,0.46618006458660394,0.131047217275484,0.41859695393965274,0.29929611386002347,0.24127875226426637,0.1880401042441133,0.49471447679419417,0.5496482466275562,0.3621532558358448,0.20788268748151592,0.10280847770814948,0.0967677939781801,0.07607316976803141,0.4688651763352853,0.38107737763552046,0.29117453304788216,0.21502268945057554,0.12186063699987316,0.5222361576117401,0.09417373333982197,0.09112659442815153,0.44822738410800994,0.11241870149220443,0.10032298666550304,0.05953349756761512,0.15974579553135465,-0.010394134374075836,0.04420904984644037,0.27918754984777017,-0.2376290798857024,-0.002790849148131036,0.27841751744488
21,0.3345926070240068,0.36058594588461745,0.4156032676515719,0.2838130568202576,0.47285361317418906,0.12625657319469347,0.6167060164999726,0.2742942270640758,0.3716015429002381,1.0,0.415432453889692,0.31333949539547495,0.1769637632473233,0.2514159163831723,0.25436906866919645,0.398390727497171,0.3053116375425842,0.1185031114138449,0.3664998032006531,0.5340581728786062,0.14046053536965522,0.19360925064272488,-0.04292815058378054,0.3698936931582749,0.511642830807925,0.5903521003151303,0.19845213604295345,0.5979149695176889,0.2787417077749346,0.1585595330401398,0.5060624015496727,0.34506908126619523,0.3934519467356421,0.19873635747033552,0.6543794958416811,0.03603214555810043,0.27324338566998974,0.5211623964761631,0.2966385789400532,0.21434061989681827,0.387784032503711,0.005424032563732905,0.47620839764686146,0.6032628738853386,0.4550550331795317,0.5745571412215128,0.3335868050263979,0.4314883536304518,0.1713867698272454,0.49492818098642405,0.661782459411269,0.29780006572701984,0.32768822433451694,0.3466123449815715,0.30307376198334546,0.5100420920658848,0.10813231029388841,0.5179222518953654,0.4581358460345214,0.49643947264403393,0.285862486219385,0.36579744142859444,0.44892816688791215,0.36229083927234473,0.5123693144565974,0.1266962388302168,0.1775671574897349,0.4148262476410288,0.47244216454030663,0.5229875680166389,0.46371816743078303,0.26763348986471813,0.3664275038497067,0.6098172913675494,0.03587160537456171,0.27124780331290915,0.4876128557490814,0.2272046452980469,0.2366693429123198,0.14673245620145592,0.29692701965334045,-0.16395818062611123,-0.10433168538901837,0.31316240513684573,0.21255104277905826,0.08133749624481053,0.28919136564733605
22,0.16820547021238708,0.15858734894744544,0.13086284042549615,0.29855069101464143,0.35923554144148323,-0.03959680884912746,0.16967122576249483,0.22115641041625037,0.15197371709957883,0.415432453889692,1.0,0.1839285642752497,2.6189448032751907e-17,0.008437262940724792,0.1742115864018265,0.3167037221617078,0.2468175840370526,-0.033017831904623964,0.23518267095773407,0.2250966960567848,-0.05775258949832448,0.10499339774800678,-0.10493188633553409,0.10250303050740815,0.34364869649116053,0.27188331377962577,0.1446139342719564,0.23631525451683416,0.29355259212674084,0.14327433682309607,0.34642257831617074,0.09007346093778822,0.274597529755527,0.0804561383854923,0.321012237592566,0.061966431919693456,-0.02026919364155908,0.2463083508413513,-0.023369007223949804,0.2122303804822072,0.16105702113484774,0.2490102367803334,0.06474207634607473,0.1640058534871388,0.19117837304467555,0.2912592568985596,0.23169309366742571,0.23151495505944694,-0.06769669247590263,0.2733414146864218,0.3608199287923799,0.11825079632468319,0.17230832146344974,0.3467436868315251,0.16773622413261363,0.38800971089751973,0.2005742568500961,0.5112391799107711,0.1838992621127641,0.2613088683935225,0.07717396825108082,0.3397333703768554,0.4530740419799919,0.13774160095279783,0.3378983374848606,0.2646642502188203,-0.041486990682251146,0.17631180352529982,0.2575855837345806,0.23021910433768755,0.16091227677098463,0.054066901113932066,0.17071716880559173,0.32136793457026613,0.05227995107841652,0.1913658897131397,0.21930404004316692,0.19383355041566613,0.1325649752135311,-0.03207759543402531,0.1692479903388159,-0.1605483813463979,-0.12958630811567065,0.1340572839151152,0.11766626556599222,-0.23474117373406042,0.12144135132485048
24,0.5759592773414094,0.3258522649947388,0.4369470460955171,0.24913871881397123,0.2958658598180327,0.12774496809405142,0.23176458962542187,0.4129055121664713,0.37328641165254617,0.31333949539547495,0.1839285642752497,1.0,0.31348211615756894,0.19279041372250835,0.10459151371658601,0.3380667744034042,0.4462709169242157,0.3400906230276587,0.31333949539547495,0.5183778643267523,0.015885177552138554,0.333456087057983,0.14250451311599313,0.18002551814253992,0.1613853241752144,0.30742815346280694,0.0911462143859072,0.40577320915505977,0.3287781678400041,0.24737284636759083,0.25229230315560663,0.4627652432939056,0.463175511840157,0.39354998751200154,0.22266068421570465,0.25702254753687764,0.34157488244861617,0.3951860694623579,0.2630023411567719,0.18993857667330494,0.2291706212990153,0.17311617090286266,0.3237676472645066,0.5668727421227588,0.25095018782814094,0.5082022651614562,0.2541790130276775,0.25934817291744566,0.2537631774652254,0.496819539467575,0.5021231936270723,0.2502809720360342,0.3571734565728621,0.2605392988554899,0.4756946974463763,0.4742113557331394,0.08663056401825991,0.3422345548068738,0.2806213961013623,0.4052336749447827,0.377318126436896,0.4476233047388777,0.39423375018817347,0.5093449764273585,0.3436242223767232,0.14289660362255732,0.3047074544272516,0.17263764760187944,0.521922800380026,0.42724708491120134,0.4111396740487148,0.05343993174176399,0.07850580349342717,0.29950272104784775,0.15061869176564457,0.35983765887769603,0.41294122423591395,0.2884255864771876,0.2627580299184837,0.3040762328260994,0.2697243918710764,-0.0625236438111857,-0.031048234401759914,0.6814997285600481,0.07589096014555292,0.20237037269974256,0.531448952790108
26,0.1467015758943966,0.28946565943910446,0.398885568730354,0.08456388741965999,0.3949408403645904,0.13654723207403416,0.3196900069539271,0.2244619091207421,0.2977039660776272,0.1769637632473233,2.6189448032751907e-17,0.31348211615756894,1.0,0.2902799522724476,0.13690793605341176,0.29898886661507623,0.2937557575545232,0.03755881553725688,0.31578625460528004,0.3136778117176451,-0.11648625715963908,0.34310406138882094,-0.13051040335868297,0.28471473389727947,0.2312477593004952,0.3162666279584304,-0.008039613905848345,0.3042180917794388,0.4144109525143065,0.31732093257512456,0.31083433456845194,0.09117842725279737,0.4222810183464917,0.3569333489200528,0.1448969130869471,0.31617533722380925,0.33626174623218535,0.3960228365991511,0.1295920077815555,0.124681321636653,0.236623056628974,0.0876747626373404,0.4759644490660147,0.321468757535052,0.08660416199418991,0.35941924538225817,0.22467250769285949,0.31392675046477425,0.23608475605631443,0.3167952672941559,0.23069103884847642,0.16882876571616298,0.3611450975986852,0.2795337178923124,0.2332820674977362,0.22002286630961387,0.20429586516163115,0.27159387726912854,0.16137603552549173,0.11765902596859548,0.3399763719009124,0.25947848953455616,0.2931154507437087,0.44052217605649835,0.28395441425209467,-0.08451792604019912,0.42980639248903185,0.30594993838254175,0.30609252782528196,0.25139100122032326,0.20396191366860159,-0.055070099788201286,0.18957239710728652,0.3069705496908817,0.13155880701037773,0.33113031350615807,0.28149418408052096,0.3284407920472713,0.5301940254436309,0.35388797209003126,0.38636254061638237,-0.212965810689071,0.07941298542744747,0.36643544068673534,-0.09951579338457478,0.09454602117083724,0.3055985893724637
29,0.1694067249248022,0.02110108615530672,0.490366340945847,0.16689405239743635,0.16381348103237814,0.1606601617837035,0.32966798875942743,0.35111188236118235,0.2147505916397436,0.2514159163831723,0.008437262940724792,0.19279041372250835,0.2902799522724476,1.0,0.03384898237729031,0.2623493364708564,0.3782460108307672,0.04688105608072768,0.3020553239703981,0.3978382730229495,-0.0022832868629637025,0.4191566400942031,0.029796912804151844,0.47577458292659447,0.2229973106648501,0.2775058490115128,0.24401080961207008,0.5129634315436503,0.24598772608010727,0.413079008546165,0.3654964814646391,0.2661626146315843,0.5335378167157798,0.4298930847919038,0.47413653407777984,0.16631471202019957,0.2733619972612512,0.54929747257096,0.46540678394982005,0.047490855456403816,0.18491362605118522,0.08063703157972077,0.5031705287965835,0.22010555241303104,0.04898303201439609,0.21901853202601637,0.22877761518881348,0.37137060816472356,0.3495279139769724,0.2360432039325739,0.33211535031972733,0.1161419449598449,0.2952494754620519,0.3980288836575117,0.420964909613006,0.1735943686344715,0.31514975089991765,0.1606854240368785,0.06871399900081493,0.3343510291874949,0.3762480629051792,0.330047762734312,0.17586130063895103,0.32338544101144473,0.16685295135457895,-0.11361064185648745,0.4059273793910148,0.18214322827497398,0.3561135632522748,0.42464356775598106,0.09770297381634177,0.24574422927388226,0.05528337272463591,0.46756196868332217,0.16880032735212588,0.22504913577694577,0.3451978612530446,0.0823845158164072,0.08877455510887806,0.3531815869164146,0.2853619182092612,-0.03989961880218194,0.06469339548587896,0.1709960793526367,-0.25759567143079337,0.04664273736086824,0.23595825316622518
31,0.23835176923149173,0.20105921420872158,0.05775014257084045,0.2060913666743218,0.07205984687792935,0.15862260637578215,0.24468207072007775,0.1751551917829169,0.263831584961967,0.25436906866919645,0.1742115864018265,0.10459151371658601,0.13690793605341176,0.03384898237729031,1.0,0.21968055236023173,0.15619955916967035,-0.021397770617430572,0.2966478831605124,0.23800337896214588,-0.07340922793880082,0.17046130677678176,0.015252514423752918,0.026653547662752696,0.4005580591498049,0.3141093739792371,0.20305898861693555,0.34219037981437256,0.37898085532051584,0.253094902017419,0.2772114650495812,0.17390482259254605,0.16443633501703767,3.51187882619063e-17,0.2528905102089373,0.16959552782266488,0.22936132818123536,0.19592642592865278,0.07711168664383461,0.24945137152557714,0.21175627033529665,0.2830472274952236,0.3345388191305497,0.3608637680668587,0.11257275697447211,0.3165587741972366,0.2773311639958239,0.20563241497650256,-0.08809015346727547,-0.03731496672785378,0.10909422116004379,0.20618316528563196,0.2667120539129253,0.12504079929640566,0.0667323794868629,0.34983310285804087,0.11926397777077764,0.49194121660467144,0.2304128527161613,-0.044142171933084326,0.11316480221332252,0.3008990281451436,0.3672727272727274,0.080587180622102,0.2411611714470011,0.21606225923804262,-0.09200253010436725,0.3237789824991026,0.2747434722239895,0.3385504692471251,0.13556653862573537,-0.10031993646329045,0.11678263523566773,0.24829397036498757,-0.31306631046020184,0.18208335334831277,0.2884452145233643,0.2211385195056713,0.09035946521560224,0.07006472298847995,0.03925168217773977,-0.23067590312321845,0.1779847873846852,0.10489482382249114,0.09633611346717665,0.025376593944819805,-0.12538331851530513
32,0.39626087961378614,0.19540697458192424,0.36028731563427246,0.4011247134344382,0.497192918163906,0.38624214578746957,0.274728837052185,0.4093010067900725,0.14915940939734473,0.398390727497171,0.3167037221617078,0.3380667744034042,0.29898886661507623,0.2623493364708564,0.21968055236023173,1.0,0.48265445988115746,0.3765470201092122,0.6244211935062205,0.36965364630688635,0.028134448395306707,0.5752733756414554,0.21243314594884463,0.4417017338204695,0.3929980455016486,0.4012533458711784,0.18757730742841264,0.5748216506303646,0.600293166010192,0.582382279995141,0.5642622195766909,0.397762172225532,0.41867269645394717,0.4029627232045029,0.3814728133286701,0.27738969832645244,0.0740173202273663,0.48075042569156234,0.24858349405614955,0.28098518247450416,0.460767041840409,0.1468391549720104,0.5007425833773458,0.3982221338023524,0.22359526355426834,0.5907793989808287,0.2859896166855136,0.2834058851963416,0.09009260366565512,0.3757816605605849,0.46595151395734147,0.36983634752173833,0.5945502650660995,0.2564149499238276,0.32746364870333755,0.36174912600806347,0.13428916642979558,0.6529613395653258,0.5066336265773793,0.23542935634777581,0.47053930572173613,0.34369125157370756,0.5161451763457257,0.5022220689047948,0.5810051327533298,0.3667272877577095,0.16366816056810105,0.46639798894452933,0.47184294665469967,0.5498190650714732,0.1814719048452924,-0.11832295006811026,0.3845861234226492,0.38516379630464115,0.2563885688463864,0.43723257631132467,0.6100152519225781,0.33856139835185844,0.3283862530624006,0.2681021596129156,0.3287813278026098,-0.02567731021329679,-0.11108068554820025,0.452448211970173,-0.038642407307766115,0.16953064765976208,0.3062443752425617
35,0.36319987762664374,0.34360650656134334,0.45396585203888323,0.3224533776686216,0.39029196326307364,0.3785228045960681,0.21842793734423888,0.5294691102945713,0.4451705551547893,0.3053116375425842,0.2468175840370526,0.4462709169242157,0.2937557575545232,0.3782460108307672,0.15619955916967035,0.48265445988115746,1.0,0.31074777722924407,0.5286560252480703,0.5357139248301427,0.10357736735530823,0.5699758981208634,0.2531797899416775,0.5176751671975202,0.3122820436992634,0.4001808939137129,0.4940522486921994,0.4207296789243044,0.5301456017524613,0.3366920415826866,0.4661863732147411,0.602900425911783,0.524244700439355,0.3381452048448578,0.3634383369573875,0.23247933757564285,0.4109088091000668,0.5371467785528397,0.31101881508226986,0.16035465720978215,0.6153624988743602,0.18088571343267673,0.4172220470855256,0.4595281688965932,0.18300126245417228,0.4041163454732432,0.27670014801551723,0.43748320238937266,0.07597813952958013,0.30493194780127897,0.5207857522829834,0.3677365908069136,0.6918735193801903,0.338694924750846,0.36554023195636925,0.47205840280018496,0.13189542818403946,0.484502299765689,0.3963596391568853,0.43103035633872383,0.4199962168455415,0.4149304547258796,0.4893798963247563,0.5288784560797892,0.4759942017311933,0.1667079688422732,0.1363493313506437,0.4000139640661826,0.5482366881193328,0.4271284604049095,0.4508602731264771,0.09738649646895527,0.2534754002570916,0.426524752936596,0.16802490267199222,0.3774483303922758,0.750584591076649,0.27909430095332566,0.19112620206032663,0.37615710993898877,0.48260944962400065,0.047076349621766385,0.07432919252741611,0.5476527561554682,-0.15827483013496849,0.1316702270065757,0.4903842849271191
36,0.3253801715840051,0.15218437662391354,0.10843168714733607,0.21510268966377402,0.09505080635309636,0.3445001051452944,0.11577830423306953,0.2749037785248739,0.25454147236127644,0.1185031114138449,-0.033017831904623964,0.3400906230276587,0.03755881553725688,0.04688105608072768,-0.021397770617430572,0.3765470201092122,0.31074777722924407,1.0,0.34408268550702387,0.22068275793665565,0.16793595272009199,0.2955322840143008,0.2091493056445281,0.28366519191005307,0.24581238338138692,0.179653583921362,0.09867999717239442,0.29983182713176004,0.219297878947598,0.24756848373567325,0.3952506760766482,0.40079190134165954,0.2631540582457121,0.15097702554023434,0.15377979170898648,0.1838276496840306,0.13058147624306374,0.20740050793700163,0.35281133468840536,0.289231867940244,0.3222075280289181,0.2575722135987249,0.0662669328124818,0.2734355309636986,0.0415065072582478,0.18202471894768232,-0.036285263072734844,0.18736987094222324,0.10471694969853222,0.33547618586622696,0.226404359932665,0.4508920997628794,0.17775537689125376,0.31129791553202013,0.1764559600354952,0.24037930791042947,-0.0010474405102510764,0.17699186227523128,0.1447927712604096,0.18577980205674072,0.11217547556246951,-0.08024654741084432,0.271853511704334,0.16578885719871753,0.2751567798198134,0.27509779785094235,0.14975571958031883,0.15911621619110497,0.24337148552205,0.058910351583975104,0.027450368280042606,0.013835081857523933,-0.01045441230666522,-0.06138059705168073,0.2848689247783131,0.22293450391349054,0.358014265710971,0.22182096009193533,0.042155262169870734,0.2456403214446196,0.3038118431185807,0.14522163379379044,-0.0457032436225788,0.2398638768474973,0.1390631790210866,0.26011933253358177,0.2778507109671905
37,0.3148296968736289,0.27499505649684075,0.4154353967366831,0.5412211652800265,0.46519888596822945,0.384460254458356,0.2774738210806839,0.5542664011474165,0.37729675932088247,0.3664998032006531,0.23518267095773407,0.31333949539547495,0.31578625460528004,0.3020553239703981,0.2966478831605124,0.6244211935062205,0.5286560252480703,0.34408268550702387,1.0,0.3822931410075305,0.20834758148650284,0.4664591704344143,0.1349044501328251,0.46857700178231015,0.22273557122437446,0.35659358880633585,0.21804564680351543,0.4962752336641895,0.5877837369332001,0.42443181969527694,0.5275771963349078,0.45920743488319626,0.5070696982375472,0.1723281689658621,0.40399897999312806,0.4125168515782725,0.19440702101107027,0.4609699299854263,0.21116461378283713,0.1369468177565667,0.4057274853841152,0.16825999766680402,0.5408144911381638,0.4508728196998446,0.11363995746819903,0.4757569340089847,0.31321393260444214,0.32866430839153926,-0.006591798839509419,0.22463235877199667,0.40775067382194824,0.44985060515128683,0.4489811458927466,0.42167939014963635,0.4228936484070945,0.39366662137804825,0.1980908977120907,0.6219862709737313,0.4772152151304141,0.2917850882770003,0.39394187395999863,0.31485781083302056,0.5465319229991444,0.41283335047583497,0.5637981963620897,0.17962237206204937,0.10915890311970276,0.4733059605468845,0.4754605321014287,0.46603317510522735,0.17232816896586212,0.11322039463344757,0.10196214136864185,0.38163051380720203,0.23342448902770607,0.3003348624532329,0.633236935189415,0.36651732985613755,0.30806062449601995,0.18894334032774895,0.29865324887746325,-0.053980678375093676,-0.00791697459795301,0.3049449089260814,-0.11048754600796479,0.21936476259964038,0.22664342395170528
38,0.5169400382109892,0.5617171832033131,0.6793694702604312,0.335412270914943,0.36257501650913954,0.1587880804274056,0.29820815328746814,0.5411509111731215,0.30954638471280504,0.5340581728786062,0.2250966960567848,0.5183778643267523,0.3136778117176451,0.3978382730229495,0.23800337896214588,0.36965364630688635,0.5357139248301427,0.22068275793665565,0.3822931410075305,1.0,-0.14471514192320464,0.25370821544966604,0.19670437942491867,0.31430526266855513,0.4934113608988218,0.40529273262337845,0.23084241132779468,0.5710370632151278,0.3930611188662952,0.2639301971345246,0.4549533290190475,0.4829949595522479,0.5814795042844082,0.3957015688920486,0.4821595332882966,0.15525222258817423,0.3671533958091013,0.5692322230610206,0.09737471273500335,0.09349869085821831,0.562081620177305,0.27755295668349605,0.5660733180710444,0.6966666786076319,0.19694511281757834,0.5459796531062739,0.3154953190279187,0.5413703871004915,0.20774232516263555,0.3765439285435166,0.5311393093799276,0.1700725714217622,0.4255793058346863,0.3660286524382831,0.45449453010491075,0.49660956911358056,0.2262057941568547,0.4827465314479827,0.3324077713235877,0.5546324802564674,0.26077770329510275,0.5926646588935126,0.39546017560510444,0.4275845620692431,0.48152136048523614,-0.05549793830135378,0.18919113131099513,0.39779928357866434,0.6097461795966347,0.5427584890623275,0.4396684098800541,0.23056371806819628,0.3121685757995609,0.6558359838594636,-0.007982628887463074,0.4998303672607877,0.6113510547859216,0.2394327370582857,0.3594003941070323,0.18892834020373822,0.32377303625924714,-0.002040344747818805,0.03460205390477957,0.5086135223378475,0.14360001329399036,0.08517158697688905,0.3035177863324357
40,-0.11204239899828011,0.07884702042597179,0.05670488564204413,0.3604707739250686,0.04913290614411062,0.26773860590395304,0.3284866128224965,0.1638438652027582,0.13058943944187543,0.14046053536965522,-0.05775258949832448,0.015885177552138554,-0.11648625715963908,-0.0022832868629637025,-0.07340922793880082,0.028134448395306707,0.10357736735530823,0.16793595272009199,0.20834758148650284,-0.14471514192320464,1.0,0.10530741160149883,0.2260026503434662,0.277824724283509,0.024427854943104198,0.20841659219519282,0.25903322706932846,0.04702788249077811,0.0790148236837344,-0.031195040831123465,0.24303374699711572,0.21894499635657835,0.165030078876662,0.17483804836785255,0.2618339787404154,-0.24589241793002597,0.12693623293851852,0.14559160426447298,0.19896955333671032,0.05886793944316345,0.14110017600972313,0.11429213941540822,-0.08046513997392309,0.12125726937616867,-0.02289267744589943,0.06995325767032386,0.03142324954499567,0.022749322815944193,0.0931597401554127,0.11094330422426485,0.12957655895053008,0.3606996365738458,0.1964627629076865,7.701585215675746e-18,0.016872833405189618,0.031880522437946465,-0.04542188316673783,0.09116690813126838,0.13722961421593258,0.09081719956332526,0.18575911930722502,-0.12780322446882966,0.15498130441489913,-0.002415516876574555,0.20878102841091956,-0.02918680146964371,0.12981825748316944,0.013260962564478476,0.00508186356411243,-0.09373512035768289,0.1861206878495869,0.3083974785020242,0.11161892470105947,-0.004359531417492914,0.25572153293780747,-0.08583161728863853,0.10255238315501318,0.09208385931761567,-0.16058756500285057,0.06255158666177141,0.10016168159304698,-0.15862359668749895,0.14675963696555594,0.017473294387030755,0.06774588809554304,0.08809868316102026,0.05086347938813224
41,0.26730185417655966,0.03552922792273692,0.33370992953378675,0.20068896826339738,0.3732166456900811,0.36419122149187183,0.20009556891615238,0.3324658395290808,0.4018977175907307,0.19360925064272488,0.10499339774800678,0.333456087057983,0.34310406138882094,0.4191566400942031,0.17046130677678176,0.5752733756414554,0.5699758981208634,0.2955322840143008,0.4664591704344143,0.25370821544966604,0.10530741160149883,1.0,0.10246989768417028,0.5295932720632889,0.26930249364778586,0.49374448723691217,0.08554458512057597,0.3710585417047787,0.6604120229990454,0.6813945233859316,0.5147028698766979,0.26549506245284943,0.3710988223473853,0.505323914726664,0.3251328298647021,0.22011558988471777,0.22780982773876893,0.4564386660225622,0.5291610885721645,0.22780982773876893,0.3242790161130153,0.33709586452046486,0.35098417729673975,0.21909413312890544,0.21919571955856937,0.3508671221066699,0.19586864490160744,0.22781254255234593,0.21028029151672123,0.454295650442916,0.49545454031584646,0.19158195791540483,0.6063680212371144,0.30689775870996133,0.17558454233792675,0.2362730052504525,0.17116962693880922,0.47219989333588996,0.31798205663576884,-0.001577261560675176,0.45805550524089433,0.39738342985107644,0.5456101788729015,0.4123227451104745,0.40482598976694545,0.24008548316734907,0.22167098798851578,0.14948786091487926,0.3962694959478017,0.4206200930558305,0.15957597307157811,0.06255421660533993,0.3096588046240572,0.352754686945404,0.40358389255713345,0.3337739021661049,0.5909659727184492,0.1575167663201132,0.3097276778320416,0.18379807627056433,0.18607892063036346,0.10120649744173636,-0.034003126002488566,0.42149674933943904,-0.09747695000474711,0.15169041552022527,0.40616564235254204
42,0.09773028335877011,0.24426249358730973,0.13402644597647204,0.08227848101265825,-0.11093247170384302,0.20702152630650866,0.013447372472027654,0.412666242735348,0.07469908634238769,-0.04292815058378054,-0.10493188633553409,0.14250451311599313,-0.13051040335868297,0.029796912804151844,0.015252514423752918,0.21243314594884463,0.2531797899416775,0.2091493056445281,0.1349044501328251,0.19670437942491867,0.2260026503434662,0.10246989768417028,1.0,0.12094097559993053,0.1366068540828418,-0.0025659800773076952,0.21371792210890994,0.0227767387885144,0.14116194992870412,0.042926863643846014,0.017448162977329346,0.2863825773407459,0.13017084900197864,0.2851834630806708,-0.01240073570695187,-0.10257754090800861,0.11231256034887147,-0.003130770688443702,-0.06263420032152091,-0.012452441171884376,0.04905961822244367,0.1636504049884977,-0.06184138377266615,0.17994526165802635,0.04005310557066095,0.10518975464657192,0.3548071139301075,0.018329923018244536,0.07834477357954373,0.06729400587856056,0.05027409969675555,0.12975146641936142,0.2886646940756466,-0.05940680903586631,0.1565822718758155,-0.13562690661795557,0.1468415781319761,0.13604180829523563,0.3456051198597594,0.1995755242092094,0.0024639093406532125,0.22902750044143008,-0.0024167282940239215,0.16982794765821188,0.025956892368555227,-0.191969196718712,-0.07413435354023136,0.14580736104675773,0.14382392171783492,0.37877444150830686,0.2649432257414942,0.1047799998026436,0.08501190976500637,0.07337983681104414,0.03539340673017619,0.25981111230515025,0.11386142622540246,0.1355085954966282,-0.11950538381026503,0.13431089280524677,0.022748264800104816,-0.039286107368624174,-0.061895552214145506,0.23974096232802092,-0.06611833945788909,-0.026085787325875517,0.07111580594015564
43,0.16762930857424665,0.2837832827656615,0.4337968878903711,0.3470419265645321,0.3757560762101846,0.44812301256672665,0.4887755714827411,0.4266443531152991,0.23251258976864755,0.3698936931582749,0.10250303050740815,0.18002551814253992,0.28471473389727947,0.47577458292659447,0.026653547662752696,0.4417017338204695,0.5176751671975202,0.28366519191005307,0.46857700178231015,0.31430526266855513,0.277824724283509,0.5295932720632889,0.12094097559993053,1.0,0.40295211110731705,0.33435450263948696,0.29306248298474114,0.5329113270006519,0.40229372272066916,0.4230852636008422,0.5100635203230943,0.38375736035427893,0.44998277273498877,0.28721952319725935,0.4190339775616648,0.19041485046794918,0.3821638162857391,0.4724424061176387,0.3977574016876085,0.19974672020662743,0.4312168258338557,0.1078418095588568,0.4358301669017677,0.2793761687572965,0.3022225591572628,0.36313164098444317,0.10072640406245098,0.36244428697542225,0.20049156223632372,0.39980638915779276,0.4835902018376162,0.3011988449395348,0.43176143978865145,0.4443391492827942,0.3314784520743643,0.37492830425776674,0.3546217055939469,0.2933143999688247,0.3679285960197182,0.3577853067273829,0.2435124889696725,0.13993968344634786,0.3786296787156759,0.44781851794009825,0.4398516125129823,0.08945990233814005,0.31102509316663735,0.4016931036674576,0.4490395063833135,0.39149257920924424,0.28721952319725935,0.19055096353768428,0.30248832755101385,0.3022994594747409,0.23172371018102708,0.34767713857684124,0.535140812508735,0.33671479790467124,0.1516213233789904,0.3762585474120063,0.35850446191614177,-0.03998651022845294,-0.017271068441683825,0.2998236495419021,-0.11936948441792959,-0.044820525174009376,0.40165483633936816
45,0.37709415468543717,0.39488410389823814,0.29489017386154653,0.3495997389971736,0.3508538414102894,0.2805408111074792,0.51737913636726,0.38271968818122315,0.2807238945750812,0.511642830807925,0.34364869649116053,0.1613853241752144,0.2312477593004952,0.2229973106648501,0.4005580591498049,0.3929980455016486,0.3122820436992634,0.24581238338138692,0.22273557122437446,0.4934113608988218,0.024427854943104198,0.26930249364778586,0.1366068540828418,0.40295211110731705,1.0,0.5511531234696715,0.24215502698297858,0.566648394539643,0.500654946674565,0.33486209597237676,0.47105798410186595,0.24984746241098935,0.4458900203298071,0.23661477318450094,0.5810621973686935,0.005335167593213195,0.2272830598323546,0.4810766043105202,0.14213847484505468,0.5141761227343449,0.39732236020448175,0.4469994682333566,0.4084967577180077,0.4213019933922186,0.3077409497341805,0.446628911963909,0.2599639972255502,0.44335468123270205,0.11507078890876853,0.3420525477157829,0.4826358129732217,0.3269206038718404,0.33807139875474146,0.40591986547918696,0.3475510079032723,0.4859247143220301,0.21641411909698616,0.53266121827766,0.32525581737611325,0.4828907927990967,0.13694376402262926,0.34235834844524937,0.5423427441885004,0.27721830503479394,0.4172571091585011,0.12012673530013691,0.11897805150349,0.355922425035998,0.46948793531005845,0.4088115428952745,0.3011460749620921,0.16675004379763503,0.3499240307648314,0.5011294760852102,-0.09907481848772402,0.36588151807400005,0.47796422972368224,0.3055372294269622,0.05436741003667639,0.2725306278345547,0.3758072243296146,-0.1277725118954262,0.15228339069292193,0.34500405079810303,0.2138124843745079,-0.049476287511663414,0.11363827242846425
46,0.40023561652308964,0.25345643600618706,0.4278216478846485,0.3169174306582478,0.5033254910862032,0.21886739789962315,0.48337098192676425,0.30113186881054244,0.3544933059271034,0.5903521003151303,0.27188331377962577,0.30742815346280694,0.3162666279584304,0.2775058490115128,0.3141093739792371,0.4012533458711784,0.4001808939137129,0.179653583921362,0.35659358880633585,0.40529273262337845,0.20841659219519282,0.49374448723691217,-0.0025659800773076952,0.33435450263948696,0.5511531234696715,1.0,0.31141466897120373,0.47115100268314125,0.4881850717212548,0.48396524427535903,0.44688919882484124,0.20560951730158974,0.3164438579387323,0.3347656956386735,0.5170594017291288,0.07938921174795502,0.24226221545286794,0.49054874279315475,0.34437348924895583,0.24226221545286797,0.32999005514778884,0.22750202042136894,0.41305222379971107,0.4244501570689038,0.24125508394008802,0.48844413704737977,0.2001830765559963,0.5003177452672852,0.279181217258095,0.3606816288315724,0.5304859231372214,0.19915236545834353,0.42527659237783566,0.23294897011430038,0.2035613980572451,0.36820769110998125,0.1355448437949438,0.5057285420673986,0.31391865606688324,0.22359131412306912,0.3796751629798641,0.30808765064784105,0.494601504934392,0.3741211426175972,0.49971835139461224,0.22622115233806603,0.14230056537729477,0.20231332248769818,0.29027219186473574,0.38078941162277813,0.39055997824511907,0.11114298412331407,0.30052340515278886,0.5320927173354559,0.06291276617793964,0.3728029409469403,0.546724322255896,0.1764244517711516,0.1945712090633549,0.2619966120049607,0.1640656694969861,-0.13722835556432356,0.1123289675239182,0.3839254476076681,0.3311080391852444,0.12252789793413599,0.14614036896808735
48,0.05680106126411297,0.1343661293066556,0.20070025926803914,0.2916093816690022,0.10119459531461877,0.2161216284659814,0.2484978724174761,0.35898089089933233,0.14832195176990248,0.19845213604295345,0.1446139342719564,0.0911462143859072,-0.008039613905848345,0.24401080961207008,0.20305898861693555,0.18757730742841264,0.4940522486921994,0.09867999717239442,0.21804564680351543,0.23084241132779468,0.25903322706932846,0.08554458512057597,0.21371792210890994,0.29306248298474114,0.24215502698297858,0.31141466897120373,1.0,0.34355281161845663,0.14082475061237626,0.172480463037329,0.30278245199978226,0.33960119598366695,0.1630891768925941,0.14395858349117283,0.4279232916241255,-0.0016107794083938271,0.27977607433929613,0.11723444691827323,0.15232135128728921,0.17005996675525842,0.3031463451028807,0.05859829582608108,0.3375958750724253,0.1867031742493797,-0.016436172129846188,0.1997243156197268,0.07378654686891585,0.412868918698242,0.1663561010792153,-0.05628352322223504,0.1535660642377295,0.16142815812037953,0.378708898426596,0.09909970827179078,0.15006356078508415,0.1409396208278293,0.2840725607568911,0.219078827881093,-0.043390856311522834,0.22254579759613757,0.35418876328217913,0.09351972725198365,0.18187374261401007,0.22103009245935196,0.36075272157324395,-0.0031465683006055172,0.10077275473018356,0.2718066933937944,0.1101584465242137,0.05487051943977505,0.3701792146915872,0.06811344933759125,0.03804274535950094,0.18630089346298823,-0.16743498020091344,0.18729417304879895,0.4214890792910548,0.3488869733525113,0.03553003753438279,0.48831990395765534,0.2152148654780612,-0.10307220616378399,0.27826387452163,0.12712639459286287,-0.02918641471422609,-0.049039347186487,0.049301686352444814
49,0.4179283520959121,0.3638076095915912,0.5100075043309181,0.42688444071912907,0.4581939358676307,0.26514871694846026,0.6550802941945792,0.40835034763147876,0.3494954701931703,0.5979149695176889,0.23631525451683416,0.40577320915505977,0.3042180917794388,0.5129634315436503,0.34219037981437256,0.5748216506303646,0.4207296789243044,0.29983182713176004,0.4962752336641895,0.5710370632151278,0.04702788249077811,0.3710585417047787,0.0227767387885144,0.5329113270006519,0.566648394539643,0.47115100268314125,0.34355281161845663,1.0,0.5134190446342901,0.47912471457261974,0.6226567727624698,0.5044875740862491,0.5948942031447756,0.1995376085016595,0.6762525824198158,0.19848378274294584,0.31758311957634905,0.7203985388103756,0.5303064820048182,0.33532519329569815,0.4466400538647193,0.17056561275114607,0.6936429060694567,0.5937675323843496,0.2506036833419719,0.6021865816376022,0.3089745268722907,0.5287755421689788,0.24202285337118332,0.49524974912074715,0.651903720752248,0.4312055816526024,0.5168438170496836,0.4666324593488689,0.4367991054363481,0.6837358336256525,0.2786679605649134,0.5929361313845481,0.3789011893727002,0.4666094975123662,0.4976119216080201,0.45368923442181414,0.5705139140512929,0.643365692215099,0.5222544611469818,0.11295985477355723,0.4157344611648801,0.4168206892901462,0.7076300573187174,0.5995097323137313,0.3591676953029872,0.1695283315146356,0.24100782636770668,0.6338009030033359,0.06177842736855622,0.30162243803822564,0.6278847832776323,0.31447269324488136,0.10341943460454577,0.39600702388329895,0.37086070752464906,-0.10556207193396443,0.06054727267887777,0.33957899019658827,0.055665611094758795,0.028150088783718333,0.19665555891801642
50,0.4135709490872682,0.29694512673368983,0.34589218750143064,0.4282910886450659,0.5877975418474521,0.30493456898686694,0.39594576722455355,0.3642058998983732,0.43378281051819945,0.2787417077749346,0.29355259212674084,0.3287781678400041,0.4144109525143065,0.24598772608010727,0.37898085532051584,0.600293166010192,0.5301456017524613,0.219297878947598,0.5877837369332001,0.3930611188662952,0.0790148236837344,0.6604120229990454,0.14116194992870412,0.40229372272066916,0.500654946674565,0.4881850717212548,0.14082475061237626,0.5134190446342901,1.0,0.5882217525305948,0.5450950760210855,0.4482019300713833,0.5456488778664336,0.2481020679044966,0.4986141021875133,0.15487051307755542,0.22127077379659518,0.5993320702261767,0.2522199917519139,0.34159929126906413,0.3488867029742602,0.40111022878952457,0.5372257853656864,0.4303798973916552,0.14151569830195207,0.49539802619914725,0.45146867766453624,0.4829910550432103,0.04100767628109121,0.35972295841160357,0.5876019478244157,0.35481351457501686,0.710489914664326,0.28286703496434495,0.2586235488360055,0.5095156352523743,0.055654382071319494,0.7545304279643851,0.4600162129855335,0.1814901588350615,0.4967424346313342,0.5128276231473784,0.7739221274593278,0.5298684845840632,0.5254358581848518,0.2450155715721884,0.14157846796897244,0.36856749250716037,0.5110278195756685,0.5503228103863412,0.29321153479622325,0.03356167684079124,0.27733172098616055,0.5629605304378386,0.269841724390572,0.33811541012274876,0.6505854305975424,0.25131545827043206,0.20637928991688853,0.2837632510351712,0.2535817109727062,0.02930717934098776,0.056074071003216354,0.44007124792476354,-0.00894208957647727,-0.010932980193665212,0.14619046405712763
52,0.41101854178845276,0.200015722392797,0.30757758381620176,0.27337543122402574,0.3937221332771905,0.20498630058401182,0.19075317726172547,0.3678387456556059,0.12866415268899037,0.1585595330401398,0.14327433682309607,0.24737284636759083,0.31732093257512456,0.413079008546165,0.253094902017419,0.582382279995141,0.3366920415826866,0.24756848373567325,0.42443181969527694,0.2639301971345246,-0.031195040831123465,0.6813945233859316,0.042926863643846014,0.4230852636008422,0.33486209597237676,0.48396524427535903,0.172480463037329,0.47912471457261974,0.5882217525305948,1.0,0.4983804755210871,0.23650599577115686,0.4149313183910202,0.4745405113367632,0.38325117876895526,0.1868183831018056,0.15212124847700606,0.43729632447825095,0.40805931711498855,0.41861102683088525,0.2658908252762712,0.3447811235163114,0.4099938099441078,0.23304033358271747,0.09338139261768336,0.4394688189725201,0.29712849492727517,0.421183786077234,0.2158744326943284,0.3288044249154176,0.34713860144682057,0.08350135750952269,0.46497768727850125,0.1776392703182046,0.2039407364346968,0.1901825900334011,0.24683153728474572,0.5391228081923455,0.23713240339316716,0.08194587917281858,0.45842690144314047,0.28393792780161226,0.4615414157677504,0.3765150987866655,0.42420821051821783,0.2885122668578458,0.2939217658872742,0.15829603274152956,0.27909711536601367,0.38678771299838194,0.17483071470301798,0.048553324818101165,0.15355060963210893,0.3594278627771595,0.24486918141392142,0.4256075559609891,0.429150272542981,0.25196735648518137,0.1941727799213821,0.22349673063931078,0.15226002855639462,-0.14603889214561597,0.15103285608030018,0.4088445154253123,-0.01290787301963218,-0.07994642885809547,0.13638081906507724
53,0.2988351057515888,0.2798329380804994,0.3133791816856096,0.41061724524605114,0.4750726388666015,0.3557738068621921,0.48416786488283947,0.36323974976242107,0.2696171044986031,0.5060624015496727,0.34642257831617074,0.25229230315560663,0.31083433456845194,0.3654964814646391,0.2772114650495812,0.5642622195766909,0.4661863732147411,0.3952506760766482,0.5275771963349078,0.4549533290190475,0.24303374699711572,0.5147028698766979,0.017448162977329346,0.5100635203230943,0.47105798410186595,0.44688919882484124,0.30278245199978226,0.6226567727624698,0.5450950760210855,0.4983804755210871,1.0,0.477947756877142,0.5587144215888327,0.2818150982198561,0.688517456492845,0.13637943061271493,0.2962196304144045,0.6201953447137702,0.40781341866119886,0.2783211633198786,0.42310289625737435,0.3589717842891061,0.42762943105453194,0.46194182905940373,0.2458310310115255,0.5370758122572005,0.22427057335448886,0.5657661004798903,0.1107196569888559,0.4530731828568267,0.49635684811905517,0.2799257626300371,0.49288566124975786,0.513717175754105,0.26928575396425997,0.4445138361555544,0.1666775644901765,0.6715223471052084,0.19112056959463525,0.21485631673943895,0.45900032669062407,0.1896137773929884,0.590073611540896,0.37429706352227543,0.6053262653608665,0.38960487731265836,0.3767834700384248,0.4459026891318358,0.3773831832717728,0.3280833993248947,0.26168544834700924,0.08841003727002884,0.30555812253242853,0.45357289891100905,0.15349922533120663,0.27309709176550473,0.5584092795746473,0.40716439764972795,0.23764296864762863,0.3798795652249021,0.3650362300149157,-0.10088771089347777,-0.11564307429279248,0.3279784333516376,0.19692468707234032,0.06775403725934856,0.22251744165356294
54,0.2730801506724958,0.31499776006110897,0.31574211189617196,0.33298880705144573,0.3640733148182097,0.3972084426564083,0.284368170937889,0.38275570879071813,0.2925462200769378,0.34506908126619523,0.09007346093778822,0.4627652432939056,0.09117842725279737,0.2661626146315843,0.17390482259254605,0.397762172225532,0.602900425911783,0.40079190134165954,0.45920743488319626,0.4829949595522479,0.21894499635657835,0.26549506245284943,0.2863825773407459,0.38375736035427893,0.24984746241098935,0.20560951730158974,0.33960119598366695,0.5044875740862491,0.4482019300713833,0.23650599577115686,0.477947756877142,1.0,0.5792144447356008,0.22309573792478057,0.47917436886261267,0.1977718537249462,0.3273066539412222,0.48906993564604256,0.3932157791536223,0.2371395316433648,0.4262931611957325,0.058785209145993736,0.45043809165927917,0.552372463259062,0.21966677038978746,0.40557935021781727,0.2183018945083559,0.4071657637697449,0.12524026774149277,0.40289737832706085,0.5291139301200836,0.46285424142632026,0.5868933904753432,0.31164813943428454,0.3981653508535511,0.4787528219104842,0.0007738909702672003,0.4491619587116289,0.4493105164401577,0.3986640153677275,0.5162269616473415,0.24374515037771205,0.5142558997569037,0.46585328321935937,0.3896522793900792,0.16911912738019072,0.2633105615083488,0.210079003106438,0.5600413079709089,0.4387823354030168,0.44619147584956115,0.16501086824714079,0.18427586908065152,0.3128017646353479,0.17326194398017405,0.2637311138327802,0.6381955676468117,0.18221333147218371,0.09538460924142127,0.35758704187057333,0.5069504682757418,0.06211847932305613,0.015813666125281706,0.37998046640119143,-0.020072004271880044,0.0108145250630031,0.2674136227829176
55,0.3993038533806201,0.41688216771639647,0.4411426668392608,0.4722881592667993,0.39571070854826174,0.290925915281211,0.3756253770988378,0.5486286399449203,0.35973984477505416,0.3934519467356421,0.274597529755527,0.463175511840157,0.4222810183464917,0.5335378167157798,0.16443633501703767,0.41867269645394717,0.524244700439355,0.2631540582457121,0.5070696982375472,0.5814795042844082,0.165030078876662,0.3710988223473853,0.13017084900197864,0.44998277273498877,0.4458900203298071,0.3164438579387323,0.1630891768925941,0.5948942031447756,0.5456488778664336,0.4149313183910202,0.5587144215888327,0.5792144447356008,1.0,0.34915693773697987,0.533803276443201,0.3187689954424451,0.3599351196716195,0.7315837836665834,0.3470291012198953,0.22411054621063103,0.3633704278580713,0.21762771332428044,0.4846600410362745,0.6383639579105505,0.2633311715497442,0.582237356104236,0.4697746798498881,0.5257201273993861,0.18368490123398512,0.44998277273498877,0.4978144935372659,0.38805341507376007,0.5122515429555969,0.46316772378746,0.6558933515272483,0.49850901057871766,0.14738563286363762,0.5322274051786177,0.2992765895487027,0.5893828103058217,0.4571779519229222,0.5174390782056671,0.6302471725211847,0.5303041611324683,0.5043224806148582,0.1218684243606338,0.3525988395069729,0.31553042427359124,0.6509587965867989,0.4822446120067994,0.3928015549541023,0.3472389901634125,0.260014888624743,0.5167364187005007,0.2665008648503792,0.3780159030880212,0.5376000023810659,0.24424972617743707,0.2366806608502852,0.3924884119992744,0.5855281249854686,-0.07899026804811035,0.04320538975172696,0.47213363747843234,-0.12382005553710117,-0.06819204230625524,0.3574831279882477
56,0.27519499887745075,0.3003290150403682,0.4445124803337744,0.08111861724869344,0.21790083122662576,0.15104470022975083,0.12390517844264204,0.4274191499912162,0.13438824602209942,0.19873635747033552,0.0804561383854923,0.39354998751200154,0.3569333489200528,0.4298930847919038,3.51187882619063e-17,0.4029627232045029,0.3381452048448578,0.15097702554023434,0.1723281689658621,0.3957015688920486,0.17483804836785255,0.505323914726664,0.2851834630806708,0.28721952319725935,0.23661477318450094,0.3347656956386735,0.14395858349117283,0.1995376085016595,0.2481020679044966,0.4745405113367632,0.2818150982198561,0.22309573792478057,0.34915693773697987,1.0,0.30257105289265024,0.0851351130584651,0.2899432776091814,0.23604705105221807,0.22731377156822832,0.23195462208734516,0.3323144662786664,0.2990320012640925,0.293885994347001,0.32892970457377635,0.24135685259120895,0.3632207237258355,0.3078842638380698,0.22694372403866195,0.403821354564644,0.4718606452526404,0.34807569033807356,-0.06320015902116315,0.3959216680481568,0.16734260080341423,0.16618096522538583,0.016553629588077535,0.215673460811467,0.19501563615783066,0.18346822357102754,0.2525943727949077,0.3421824801288953,0.367181830988921,0.20538212722098814,0.268793620995498,0.18159043336850755,-0.06652268997785332,0.3347794717212964,0.1592157352451395,0.3011505855481755,0.40349100904776025,0.32608695652173914,0.06260913119547108,0.21289628445213316,0.3240662789070723,0.2243535777048962,0.5306748716172152,0.31502992926498785,0.37097924634554114,0.37557641309524387,0.07704283713314466,0.2475265651169591,-0.21185550559659214,0.03381454612656051,0.4313469216229339,-2.779904561190562e-17,-0.00820755496392425,0.3474346741472721
57,0.288428518077095,0.3331165669131831,0.29879644429897056,0.5030458962269273,0.5500400463904539,0.35716872857097115,0.6053154823677057,0.2968425559476896,0.25458925676892574,0.6543794958416811,0.321012237592566,0.22266068421570465,0.1448969130869471,0.47413653407777984,0.2528905102089373,0.3814728133286701,0.3634383369573875,0.15377979170898648,0.40399897999312806,0.4821595332882966,0.2618339787404154,0.3251328298647021,-0.01240073570695187,0.4190339775616648,0.5810621973686935,0.5170594017291288,0.4279232916241255,0.6762525824198158,0.4986141021875133,0.38325117876895526,0.688517456492845,0.47917436886261267,0.533803276443201,0.30257105289265024,1.0,0.01757651145663073,0.14415732670584777,0.587031061281816,0.4405171703397727,0.3862878287934303,0.33175098480694615,0.33667669136468104,0.6184271286558772,0.43619423607941404,0.30284406654241836,0.4694679426987194,0.3256764031114571,0.6600797157309205,0.34850237247745647,0.39047970311112534,0.5889893921635656,0.3301081354002994,0.3959427950169689,0.40014485135730526,0.28123384911878446,0.4185561126028165,0.0925555345783948,0.5075138073934159,0.2500360818252773,0.4251166544480532,0.5826020766814669,0.27026869308613793,0.5834032432737197,0.3748336273514103,0.5532251179003214,0.026619068860032218,0.4240747066493602,0.4398989536187448,0.4047120982498356,0.37234561613671924,0.3328281581819152,0.24435808220432798,0.15556525085883038,0.6155596069356104,0.11825452289181057,0.17447235597137054,0.48753366976682583,0.19210843376974368,0.10115935434523196,0.29890443004777806,0.386664330475271,-0.14602896513104932,0.10439851805267478,0.2561152110682818,0.1414960408131787,-0.0753789754716467,0.053058254939038145
58,0.10907861448819087,0.04279619301999586,0.15429876082452654,0.07906651496880597,0.13808698677606987,0.3502312358350592,-0.09510691127919663,0.2992049777015694,0.0760201421583835,0.03603214555810043,0.061966431919693456,0.25702254753687764,0.31617533722380925,0.16631471202019957,0.16959552782266488,0.27738969832645244,0.23247933757564285,0.1838276496840306,0.4125168515782725,0.15525222258817423,-0.24589241793002597,0.22011558988471777,-0.10257754090800861,0.19041485046794918,0.005335167593213195,0.07938921174795502,-0.0016107794083938271,0.19848378274294584,0.15487051307755542,0.1868183831018056,0.13637943061271493,0.1977718537249462,0.3187689954424451,0.0851351130584651,0.01757651145663073,1.0,0.09411869802762704,0.11375391524666968,0.2955001468922589,-0.08755814535009807,0.14098662112702892,-0.014220180264522281,0.20278128351554003,0.25476932511532996,0.3255527995032916,0.2350006795692069,-0.019291856545531443,0.1823098383141062,0.08438767038481293,0.11007103170510138,0.018399586593949257,0.08277681384093838,0.06661469509049225,0.42500413572016627,0.29877655740986403,0.18583905068231174,0.0976731492852398,0.12251392979040103,-0.07783761331583666,0.05370431732097616,0.1968836609935866,0.09402066213426227,0.2864507811934526,0.3813845199447079,0.030026215763762163,0.12114048390213807,0.07941838832201231,0.2708494562420257,0.36114945558452055,0.11291543014170816,-0.1362161808935442,-0.1540615723270034,-0.05650956398427328,-0.01985023347094621,-0.07191641962424779,0.34823791762802053,0.3724674516743897,0.08802468238759212,0.2609375665830863,0.30624207483333465,0.38251188590042284,0.0015803271454611816,-0.20835460330371094,0.2037925354266311,-0.04904341050503945,0.10622756660987247,0.21845653731615056
59,0.2810253024638578,0.39602855518960095,0.45363053173386786,0.0593047345005613,0.11096508952513837,0.10268569222066125,0.34593835997474937,0.40809846616120754,0.27217752087363073,0.27324338566998974,-0.02026919364155908,0.34157488244861617,0.33626174623218535,0.2733619972612512,0.22936132818123536,0.0740173202273663,0.4109088091000668,0.13058147624306374,0.19440702101107027,0.3671533958091013,0.12693623293851852,0.22780982773876893,0.11231256034887147,0.3821638162857391,0.2272830598323546,0.24226221545286794,0.27977607433929613,0.31758311957634905,0.22127077379659518,0.15212124847700606,0.2962196304144045,0.3273066539412222,0.3599351196716195,0.2899432776091814,0.14415732670584777,0.09411869802762704,1.0,0.2976263932365499,0.25405131499313105,0.2093955886565454,0.4309091009309712,0.038933469713724175,0.29242000059809353,0.43220704649422614,0.2698786558084454,0.34684678101895483,0.24820741887549502,0.3518374783947468,0.16896154852341058,0.3456803970699167,0.32286380412582055,-0.004058528825446846,0.44461028206601777,0.18618690339195737,0.26529881404285877,0.4072205510601496,0.3139587696621638,0.25106872545312964,0.12914655678145484,0.2875850117175488,0.04139156103009647,0.3453187384555572,0.17302845475194575,0.4200891130219875,0.22963603626036058,0.22328850967909936,0.19590527370773586,0.31745108882857787,0.43616899383355356,0.28439823852457763,0.4252501404934661,0.10252465618008688,0.24503668845895413,0.22645365299706177,-0.09124641482915863,0.5048238660953467,0.4455111772911493,0.3890403854132599,0.21211837274209006,0.3271035519188407,0.2666841769607797,0.0035880630665680977,0.15666450282155023,0.3557543772131175,0.1921569218475821,0.06177205312346419,0.4573803304836989
61,0.3840780998903695,0.3442877441720689,0.5439054530295585,0.3947285652369387,0.5251809771771591,0.1927649578501185,0.5762722955418502,0.42263341745186184,0.47289202002824476,0.5211623964761631,0.2463083508413513,0.3951860694623579,0.3960228365991511,0.54929747257096,0.19592642592865278,0.48075042569156234,0.5371467785528397,0.20740050793700163,0.4609699299854263,0.5692322230610206,0.14559160426447298,0.4564386660225622,-0.003130770688443702,0.4724424061176387,0.4810766043105202,0.49054874279315475,0.11723444691827323,0.7203985388103756,0.5993320702261767,0.43729632447825095,0.6201953447137702,0.48906993564604256,0.7315837836665834,0.23604705105221807,0.587031061281816,0.11375391524666968,0.2976263932365499,1.0,0.4099400192872824,0.17519438034786144,0.4850476683758071,0.2232270297920492,0.5191807915827175,0.5969156378108121,0.2273772941032894,0.5549547410858695,0.4011669524448642,0.5265368062927754,0.1782794140142905,0.47244240611763866,0.6531929153151328,0.45018464815979353,0.5785050579541718,0.4328749677457644,0.4271828200741768,0.6191114388363796,0.15186789049458216,0.6267982060045793,0.4496122502633089,0.4594440875502946,0.5175399336610601,0.5175329711484223,0.5871836050388922,0.6052364221902462,0.5440538456894587,0.12189053823929918,0.345336030196869,0.29055724564178675,0.704248738406302,0.559436072484703,0.33439998899064227,0.2978934507373733,0.3670834981901276,0.753000654598783,0.2191709344139243,0.276718873902596,0.5687503916014885,0.07009777144443648,0.08999445522906221,0.3677307065704554,0.44173282967608585,-0.0967612544347024,0.030628294010372547,0.40956793532064406,-0.08298946362912642,0.037825837700704745,0.24713386347211988
62,0.08356545286870892,-0.05471376509339073,0.06602294299766533,0.08639190452395575,0.2502859884033498,0.3523463000079369,0.3994785961294206,0.1384485219366347,0.20818100098595993,0.2966385789400532,-0.023369007223949804,0.2630023411567719,0.1295920077815555,0.46540678394982005,0.07711168664383461,0.24858349405614955,0.31101881508226986,0.35281133468840536,0.21116461378283713,0.09737471273500335,0.19896955333671032,0.5291610885721645,-0.06263420032152091,0.3977574016876085,0.14213847484505468,0.34437348924895583,0.15232135128728921,0.5303064820048182,0.2522199917519139,0.40805931711498855,0.40781341866119886,0.3932157791536223,0.3470291012198953,0.22731377156822832,0.4405171703397727,0.2955001468922589,0.25405131499313105,0.4099400192872824,1.0,0.22036495278409712,0.18442766880836634,0.03257091909624019,0.26827772139495626,0.22292612089121489,0.30678328820297696,0.23902301839748857,1.3899745118285278e-17,0.16225791158075237,0.4477987719202149,0.5228945617691032,0.36642759123042296,0.33195387109011404,0.37054916392352016,0.34812604109153583,0.17442422567906682,0.2981027628932278,0.051801567070919374,0.15045944661455904,0.04662834355499561,0.11094808419899041,0.4542249670308465,0.0553761403162109,0.35261568100997875,0.3197984072028622,0.24613922269046018,0.06521157032545988,0.4497722969733154,0.02249980184920853,0.32947463035745017,0.1886132468666351,0.1325997000814665,0.17957912878935894,0.11852112106304166,0.15024141659841794,0.2298874687710733,0.034088202329950454,0.34640226920595124,-0.08081499617449613,0.015151195157200478,0.32727227915215695,0.3786992321055903,0.06153480567261507,0.05120319535443884,0.15058595078755632,0.01275193744542795,0.02145961373432193,0.2817200772298752
63,0.3032700493607331,0.20781245243550986,0.040422522629750664,0.13143211429854124,0.1990326208942958,0.18662495016670583,0.2798354886419947,0.1436887530135206,0.19251580744720218,0.21434061989681827,0.2122303804822072,0.18993857667330494,0.124681321636653,0.047490855456403816,0.24945137152557714,0.28098518247450416,0.16035465720978215,0.289231867940244,0.1369468177565667,0.09349869085821831,0.05886793944316345,0.22780982773876893,-0.012452441171884376,0.19974672020662743,0.5141761227343449,0.24226221545286797,0.17005996675525842,0.33532519329569815,0.34159929126906413,0.41861102683088525,0.2783211633198786,0.2371395316433648,0.22411054621063103,0.23195462208734516,0.3862878287934303,-0.08755814535009807,0.2093955886565454,0.17519438034786144,0.22036495278409712,1.0,0.24095733398997157,0.2668367070623538,0.25508978775578367,0.16410869058615357,0.0947662145776346,0.2862915719176824,0.1752052368532906,0.30527075331308917,0.1858835317129192,0.3821638162857389,0.26743221194336886,0.27691654370548846,0.2881491857378003,0.03808966969768193,0.03694034119584102,0.3336264755673514,0.1516934697584613,0.33776871697651256,0.2107128031697421,0.2721174081503469,0.14475002651350022,0.14440601789959662,0.3732746354741668,0.2362426740626932,0.25654650925962164,0.28243778376627793,0.2901696274567906,0.13530219780219777,0.2398036896520083,0.10501432986255753,0.09664775920306044,0.04685515961171388,0.1819371120317557,0.11562804794140351,0.08607455325989462,0.17815533680656634,0.24543130725021403,0.2920228329411252,-0.029065782853872398,0.07021594569985587,0.36741176553929983,-0.21169572092751993,0.2743963145602117,0.34100298631278086,0.07053235132053844,-0.20638569686986866,0.14845552940652887
64,0.2777189278827903,0.4735912476862151,0.43571992622003486,0.27555931996179944,0.4650329275845169,0.14602668546100211,0.20293631027069553,0.4478204331353062,0.32608274278478794,0.387784032503711,0.16105702113484774,0.2291706212990153,0.236623056628974,0.18491362605118522,0.21175627033529665,0.460767041840409,0.6153624988743602,0.3222075280289181,0.4057274853841152,0.562081620177305,0.14110017600972313,0.3242790161130153,0.04905961822244367,0.4312168258338557,0.39732236020448175,0.32999005514778884,0.3031463451028807,0.4466400538647193,0.3488867029742602,0.2658908252762712,0.42310289625737435,0.4262931611957325,0.3633704278580713,0.3323144662786664,0.33175098480694615,0.14098662112702892,0.4309091009309712,0.4850476683758071,0.18442766880836634,0.24095733398997157,1.0,0.15742454540331052,0.3743731748730954,0.498826643259639,0.2554177631162054,0.3573506177569462,0.20170552120266952,0.38758097285153437,-0.10555364211927974,0.3192124554873995,0.39356619904301954,0.2626124314909706,0.4963479626210601,0.2795952950239166,0.21856645764280416,0.5301926389062069,0.21586746414367844,0.4369617987119758,0.3923074138303824,0.40702363445479806,0.23578735310394075,0.3161118231960036,0.36407283760067927,0.40073106100954403,0.4846767419168361,0.15435040743260556,0.02454543230429424,0.4205012952397975,0.4859279577588898,0.27306034705260046,0.2848409710959998,0.09969503341667948,0.3551463160818792,0.39694134420193844,-0.05670590631456271,0.4141501623090253,0.5978667881307322,0.279973936218514,0.29997197957113975,0.15772937516715793,0.48981494789605007,0.055076902490549515,0.14489986568334895,0.3819193596388156,-0.009516774405794778,0.017715947803652616,0.3424783028123015
65,0.2433495289886302,0.33667595917001536,0.08437186935584412,0.3560012689920082,0.23161177055248722,0.12707307501572102,0.07547942973965244,0.3411202370912234,0.15404781359171177,0.005424032563732905,0.2490102367803334,0.17311617090286266,0.0876747626373404,0.08063703157972077,0.2830472274952236,0.1468391549720104,0.18088571343267673,0.2575722135987249,0.16825999766680402,0.27755295668349605,0.11429213941540822,0.33709586452046486,0.1636504049884977,0.1078418095588568,0.4469994682333566,0.22750202042136894,0.05859829582608108,0.17056561275114607,0.40111022878952457,0.3447811235163114,0.3589717842891061,0.058785209145993736,0.21762771332428044,0.2990320012640925,0.33667669136468104,-0.014220180264522281,0.038933469713724175,0.2232270297920492,0.03257091909624019,0.2668367070623538,0.15742454540331052,1.0,0.020625207058782045,0.14004662782065247,-0.002008232958612712,0.17955354354918068,0.09680213459127124,0.1886752670475008,0.06520209799819067,0.08768446197776204,0.12477897303686906,0.058991472886559246,0.2204369536068613,0.36904627974285376,0.12988054680419897,0.24396748849257527,0.03830616549510565,0.3892066712379865,0.15773075143058535,-0.04229465401486327,0.15629860197327472,0.18732212121366904,0.42589162069991193,0.041646348588872104,0.10705123423832313,0.037582451918096546,0.14563307040542328,0.140983580309473,0.24263029579559925,0.11273862641986981,0.02135942866172089,-0.013841006058389574,0.0569428395679286,0.2730944164072064,-0.04531162962810148,0.23964619849857027,0.21666926947424806,0.24978944435742526,0.006150274828608548,0.10029877045297897,0.1073119485073993,-0.07731478028323335,0.01490530188206798,0.17686038111570043,0.2867987385897017,-0.04662199474292899,-0.07680741351853902
66,0.3059982053808846,0.3415162446275544,0.5267853974510337,0.3481342135074789,0.4973340969809977,0.29778239286567776,0.5264423504316394,0.3507707007254953,0.28837490036423624,0.47620839764686146,0.06474207634607473,0.3237676472645066,0.4759644490660147,0.5031705287965835,0.3345388191305497,0.5007425833773458,0.4172220470855256,0.0662669328124818,0.5408144911381638,0.5660733180710444,-0.08046513997392309,0.35098417729673975,-0.06184138377266615,0.4358301669017677,0.4084967577180077,0.41305222379971107,0.3375958750724253,0.6936429060694567,0.5372257853656864,0.4099938099441078,0.42762943105453194,0.45043809165927917,0.4846600410362745,0.293885994347001,0.6184271286558772,0.20278128351554003,0.29242000059809353,0.5191807915827175,0.26827772139495626,0.25508978775578367,0.3743731748730954,0.020625207058782045,1.0,0.49408003686119545,0.2588885238366286,0.4968748103786352,0.3964011580004663,0.5450470455743853,0.2625050743279723,0.23772554558278242,0.5309511511490554,0.23732986459273983,0.4389508412633396,0.2841667658969198,0.3938773811224298,0.3729741250183816,0.25097972766706494,0.4393947917818373,0.280505832794809,0.3626897050098885,0.5365793950214929,0.46365552335138066,0.4772444767223986,0.5191079009568672,0.487078712980696,-0.032117999891993564,0.28425186918968,0.5783816079189168,0.47820223700944825,0.5276120024526588,0.37785342130328714,0.14106625862046862,0.15989404819188155,0.5857344677134215,0.11233263764366988,0.3022041597706292,0.6156446878969827,0.23179393266952247,0.31565385204405716,0.31617671507470063,0.30586205734563515,-0.03896629703845569,0.22116517794843077,0.3898195770148029,-0.06799390895642902,0.08873804853845195,0.1491074442981041
67,0.42690605191950665,0.5625010460666914,0.5350079721027896,0.30230083506205047,0.40463262547208567,0.17775505041033443,0.39995313323813697,0.5593453323720027,0.49893541398025054,0.6032628738853386,0.1640058534871388,0.5668727421227588,0.321468757535052,0.22010555241303104,0.3608637680668587,0.3982221338023524,0.4595281688965932,0.2734355309636986,0.4508728196998446,0.6966666786076319,0.12125726937616867,0.21909413312890544,0.17994526165802635,0.2793761687572965,0.4213019933922186,0.4244501570689038,0.1867031742493797,0.5937675323843496,0.4303798973916552,0.23304033358271747,0.46194182905940373,0.552372463259062,0.6383639579105505,0.32892970457377635,0.43619423607941404,0.25476932511532996,0.43220704649422614,0.5969156378108121,0.22292612089121489,0.16410869058615357,0.498826643259639,0.14004662782065247,0.49408003686119545,1.0,0.37090244704807923,0.5934709253542144,0.4503240714984199,0.45490943067841555,0.061106893916988994,0.48632147894788647,0.6075463541529109,0.2957343755973625,0.5251018241969841,0.3475838937768932,0.49526954192163575,0.5774704308593004,0.12830087076678412,0.5020349507529333,0.3855576159143204,0.5411655880764409,0.27192382688784555,0.5342060110417334,0.5038371497610302,0.505774600914125,0.4630218909243623,0.05032696415229684,0.22187835084121318,0.41146138651504516,0.6767452981027317,0.5320788818942794,0.46598374814618315,0.22630521104935433,0.28633635108319655,0.6244464136552421,0.016763662111550136,0.41863296483816326,0.6260949420750587,0.33569139165985834,0.1771477335048039,0.2768578284107096,0.36727052760797213,-0.09413082397912863,0.020383505309091533,0.5536461488523183,0.12422899427689942,0.09538641358901288,0.25798009589061327
69,0.20616671058669456,0.2578162472067114,0.09949688186106616,0.07218896177518402,0.3208007868433533,0.1487238739579621,0.3741515459889521,0.33672341289014507,0.0986604320874761,0.4550550331795317,0.19117837304467555,0.25095018782814094,0.08660416199418991,0.04898303201439609,0.11257275697447211,0.22359526355426834,0.18300126245417228,0.0415065072582478,0.11363995746819903,0.19694511281757834,-0.02289267744589943,0.21919571955856937,0.04005310557066095,0.3022225591572628,0.3077409497341805,0.24125508394008802,-0.016436172129846188,0.2506036833419719,0.14151569830195207,0.09338139261768336,0.2458310310115255,0.21966677038978746,0.2633311715497442,0.24135685259120895,0.30284406654241836,0.3255527995032916,0.2698786558084454,0.2273772941032894,0.30678328820297696,0.0947662145776346,0.2554177631162054,-0.002008232958612712,0.2588885238366286,0.37090244704807923,1.0,0.35983187560142915,0.25316278677364057,0.1761404143874192,0.10418859418331133,0.34333834003451424,0.24355436573807696,-0.019501073144911892,0.1504757357143707,0.35445227712242144,0.3440549729784007,0.18538325420006638,0.15174078742487024,0.20303703000243467,0.15369702406479754,0.3205653193850783,0.16278613672193043,0.24373954614148113,0.26858332476518415,0.35324142174280004,0.22135168353120377,0.18525005219835106,-0.004712235925760047,0.29500136822070167,0.3737576378274978,0.37237944715996113,0.3736901426517381,0.14842831947053772,0.044472335697937584,0.1623180443960105,-0.16871158294704616,0.24657602232190248,0.29646549314956705,0.09305866695977738,0.11037676724131061,0.2587372327775999,0.37665694811790446,-0.1197340112564715,-0.23781746834944362,0.4073789938768496,0.1658276346083749,-0.12157417595481163,0.2503856079573142
70,0.5390458598598183,0.5024083194163684,0.42726249685334594,0.38024880963733404,0.35786627548226596,0.14031386826289574,0.4321598267596946,0.40410645502511194,0.1793184949557478,0.5745571412215128,0.2912592568985596,0.5082022651614562,0.35941924538225817,0.21901853202601637,0.3165587741972366,0.5907793989808287,0.4041163454732432,0.18202471894768232,0.4757569340089847,0.5459796531062739,0.06995325767032386,0.3508671221066699,0.10518975464657192,0.36313164098444317,0.446628911963909,0.48844413704737977,0.1997243156197268,0.6021865816376022,0.49539802619914725,0.4394688189725201,0.5370758122572005,0.40557935021781727,0.582237356104236,0.3632207237258355,0.4694679426987194,0.2350006795692069,0.34684678101895483,0.5549547410858695,0.23902301839748857,0.2862915719176824,0.3573506177569462,0.17955354354918068,0.4968748103786352,0.5934709253542144,0.35983187560142915,1.0,0.46297597285914766,0.413210121832441,0.22947256160295118,0.49167381478424566,0.5079314800611566,0.17122651399270522,0.5681040487822988,0.1868964368576884,0.4851121818961454,0.5473990659419578,0.0742067986970687,0.6257900958509679,0.3432626399778866,0.36420326009862225,0.4676286353511401,0.4940388597408214,0.563789085858651,0.5581418935256863,0.49092465673206165,0.2275042820269035,0.17556122390475998,0.4417461478999763,0.5961131438197431,0.5973504874746064,0.6129349712873474,-0.010351862639394251,0.43599223117882846,0.4221439294716647,0.15315190863668815,0.4436850873991395,0.6172160505109108,0.41132619482119204,0.3798522536820556,0.30370902102567543,0.34774042102951225,-0.28022737916465323,0.007411417018563969,0.539082074581429,0.16856628619638384,0.053246754041610514,0.3255229773593711
72,0.3495937280230223,0.4614281528812,0.34339016168849124,0.19913516215460444,0.23940335728857262,-0.04991460066824986,0.21525901344143317,0.40186870769100225,0.35951169427214164,0.3335868050263979,0.23169309366742571,0.2541790130276775,0.22467250769285949,0.22877761518881348,0.2773311639958239,0.2859896166855136,0.27670014801551723,-0.036285263072734844,0.31321393260444214,0.3154953190279187,0.03142324954499567,0.19586864490160744,0.3548071139301075,0.10072640406245098,0.2599639972255502,0.2001830765559963,0.07378654686891585,0.3089745268722907,0.45146867766453624,0.29712849492727517,0.22427057335448886,0.2183018945083559,0.4697746798498881,0.3078842638380698,0.3256764031114571,-0.019291856545531443,0.24820741887549502,0.4011669524448642,1.3899745118285278e-17,0.1752052368532906,0.20170552120266952,0.09680213459127124,0.3964011580004663,0.4503240714984199,0.25316278677364057,0.46297597285914766,1.0,0.3461371269765687,-0.04244100066648929,0.19757871566096158,0.36565718246755424,0.1432133414392431,0.3821278171265515,0.095582551495806,0.2852808715814083,0.23444369474037402,0.08145369004591936,0.4833400768817007,0.3897601547677251,0.38586754361034253,0.18526432860209163,0.6133660470615659,0.3558516301237075,0.363113683241951,0.2343201475312453,-0.06909021635182613,-0.0917942473361547,0.4395045205541167,0.35258145214666325,0.5619270610401121,0.5131404397301165,0.3133052064036802,-0.013400805010536202,0.5130988587571874,0.11297589550616964,0.2582343665717304,0.26770001169003954,0.14010823784996665,0.11032346584405509,0.06546796505746742,0.0942436297299475,-0.20574451978353234,0.08776261013985069,0.4417296267874858,-0.03483488928615282,-0.21955317822434098,0.23509556116434302
74,0.4151938799991766,0.398588213766774,0.48676034399538726,0.39808276539172555,0.38177729807760996,0.27796466768942557,0.417899069757706,0.3062628404956548,0.2578041432484366,0.4314883536304518,0.23151495505944694,0.25934817291744566,0.31392675046477425,0.37137060816472356,0.20563241497650256,0.2834058851963416,0.43748320238937266,0.18736987094222324,0.32866430839153926,0.5413703871004915,0.022749322815944193,0.22781254255234593,0.018329923018244536,0.36244428697542225,0.44335468123270205,0.5003177452672852,0.412868918698242,0.5287755421689788,0.4829910550432103,0.421183786077234,0.5657661004798903,0.4071657637697449,0.5257201273993861,0.22694372403866195,0.6600797157309205,0.1823098383141062,0.3518374783947468,0.5265368062927754,0.16225791158075237,0.30527075331308917,0.38758097285153437,0.1886752670475008,0.5450470455743853,0.45490943067841555,0.1761404143874192,0.413210121832441,0.3461371269765687,1.0,0.27111523338865773,0.2800705853900989,0.513831710273896,0.16353334345096815,0.41802910081388306,0.28623579461845416,0.24263376883623336,0.40322367837137274,0.20871930248939827,0.46328602250187206,0.12277565688451755,0.3791899479280121,0.472786221381108,0.3629029261729869,0.4523488378527773,0.5811340284494293,0.47797494087425646,0.18696938665073773,0.3733848635568998,0.4956688296794726,0.3815594406041934,0.29701470908951666,0.226943724038662,0.14245182083074928,0.03799165604902263,0.5471617680852301,0.07339974937728695,0.4316121569051377,0.5300512389377655,0.24533605945304687,0.11170360834900878,0.40214093249849936,0.25399853938130146,-0.15392413350187917,0.0432206955662585,0.36414857030065223,0.128542080060722,-0.04526476869410822,0.10075037403645794
79,0.0856009861290404,0.11176614969891818,0.207759778595214,0.05147925154773481,-0.022592649024425607,0.3579490355593625,0.37161265957734435,0.02414682934922986,-0.011989968799768656,0.1713867698272454,-0.06769669247590263,0.2537631774652254,0.23608475605631443,0.3495279139769724,-0.08809015346727547,0.09009260366565512,0.07597813952958013,0.10471694969853222,-0.006591798839509419,0.20774232516263555,0.0931597401554127,0.21028029151672123,0.07834477357954373,0.20049156223632372,0.11507078890876853,0.279181217258095,0.1663561010792153,0.24202285337118332,0.04100767628109121,0.2158744326943284,0.1107196569888559,0.12524026774149277,0.18368490123398512,0.403821354564644,0.34850237247745647,0.08438767038481293,0.16896154852341058,0.1782794140142905,0.4477987719202149,0.1858835317129192,-0.10555364211927974,0.06520209799819067,0.2625050743279723,0.061106893916988994,0.10418859418331133,0.22947256160295118,-0.04244100066648929,0.27111523338865773,1.0,0.2856139024689791,0.18892970547001697,0.04094701238211837,0.134690033562891,0.011727916931066775,0.11990029589475734,-0.11720858245454713,0.1296014930177994,-0.10851745100929625,-0.11489004440516183,0.10427034344981154,0.3873271361487321,-0.01243334939170516,0.03206330575334964,0.2676125677308208,0.12826808559463834,-0.21186615817568735,0.7272465407276477,0.05936512220452257,0.16056580498897177,0.24289092473608903,0.07642790518983891,-0.0019269074660998617,0.15320026689960947,0.07654312669321985,0.22797022552603186,0.15552891272456704,0.07938776069321675,-0.15387425822041256,0.2646986782553018,0.2861246661126369,0.2471208252860862,-0.0844767197120127,0.1834607024103927,0.045802410853650805,-0.09175541528314572,-0.03713422677673034,0.1959345781517192
80,0.21484883211628786,0.27195790282061405,0.28125292731353724,0.04082846194876852,0.3570617440604239,0.18085282614521966,0.39523000756259913,0.23860932245356956,0.40161265505493654,0.49492818098642405,0.2733414146864218,0.496819539467575,0.3167952672941559,0.2360432039325739,-0.03731496672785378,0.3757816605605849,0.30493194780127897,0.33547618586622696,0.22463235877199667,0.3765439285435166,0.11094330422426485,0.454295650442916,0.06729400587856056,0.39980638915779276,0.3420525477157829,0.3606816288315724,-0.05628352322223504,0.49524974912074715,0.35972295841160357,0.3288044249154176,0.4530731828568267,0.40289737832706085,0.44998277273498877,0.4718606452526404,0.39047970311112534,0.11007103170510138,0.3456803970699167,0.47244240611763866,0.5228945617691032,0.3821638162857389,0.3192124554873995,0.08768446197776204,0.23772554558278242,0.48632147894788647,0.34333834003451424,0.49167381478424566,0.19757871566096158,0.2800705853900989,0.2856139024689791,1.0,0.656517873644851,0.2813177330623378,0.43176143978865145,0.3833384194773148,0.23167848800896432,0.4842823929996154,0.07280313161200234,0.3393245019247187,0.28135716166213737,0.4160673715916511,0.27781200262964306,0.32652592804147823,0.42336220373996014,0.5063568862982808,0.2970426474113646,0.15223878117192255,0.46208494725347915,0.07777542433845806,0.5058799502293024,0.4152915201946085,0.307735203425635,0.1905509635376842,0.34713605117477964,0.37287520876845465,0.30229945947474074,0.2898914645751502,0.38649058681186405,0.151367202727788,0.1713124043373008,0.0490772018363487,0.3329896690897819,-0.06854830324877646,-0.05642687570488165,0.4250763490894328,0.1078454353970485,-0.020131942529189397,0.48362521110250434
81,0.34713860144682074,0.35522292978590114,0.5732864969447586,0.28127713475723826,0.5092057179285183,0.21073472638961788,0.5534353580240442,0.3443571842440171,0.5311393093799276,0.661782459411269,0.3608199287923799,0.5021231936270723,0.23069103884847642,0.33211535031972733,0.10909422116004379,0.46595151395734147,0.5207857522829834,0.226404359932665,0.40775067382194824,0.5311393093799276,0.12957655895053008,0.49545454031584646,0.05027409969675555,0.4835902018376162,0.4826358129732217,0.5304859231372214,0.1535660642377295,0.651903720752248,0.5876019478244157,0.34713860144682057,0.49635684811905517,0.5291139301200836,0.4978144935372659,0.34807569033807356,0.5889893921635656,0.018399586593949257,0.32286380412582055,0.6531929153151328,0.36642759123042296,0.26743221194336886,0.39356619904301954,0.12477897303686906,0.5309511511490554,0.6075463541529109,0.24355436573807696,0.5079314800611566,0.36565718246755424,0.513831710273896,0.18892970547001697,0.656517873644851,1.0,0.37220160049845646,0.5921389098839079,0.3457974457451474,0.2082398930207589,0.6593498760959884,0.1580862991507092,0.5380853372930038,0.4345735482312516,0.5059832852933002,0.35211765508092047,0.5926507374808767,0.6392019663628106,0.5968292567525089,0.47017285573834205,0.16192699014351675,0.25035124357485455,0.29283539422474825,0.6562627962456695,0.6098765100876077,0.41972913089174585,0.22370656329569313,0.2797467589039293,0.7499496559824905,0.2867650475721572,0.3626521670844843,0.6768708786886918,0.2061306505498321,0.12960606716705977,0.08277881368583934,0.21363735651960658,-0.029387672193641974,0.06667988238027986,0.45223412830776344,0.16408399146264702,0.06298120433166289,0.3297216858150606
82,0.1074813187200268,0.01382644737857994,0.10279579023822223,0.504847972013896,0.21308060861628705,0.4998019610221523,0.429860195750312,0.13833140164738608,0.3834594086989082,0.29780006572701984,0.11825079632468319,0.2502809720360342,0.16882876571616298,0.1161419449598449,0.20618316528563196,0.36983634752173833,0.3677365908069136,0.4508920997628794,0.44985060515128683,0.1700725714217622,0.3606996365738458,0.19158195791540483,0.12975146641936142,0.3011988449395348,0.3269206038718404,0.19915236545834353,0.16142815812037953,0.4312055816526024,0.35481351457501686,0.08350135750952269,0.2799257626300371,0.46285424142632026,0.38805341507376007,-0.06320015902116315,0.3301081354002994,0.08277681384093838,-0.004058528825446846,0.45018464815979353,0.33195387109011404,0.27691654370548846,0.2626124314909706,0.058991472886559246,0.23732986459273983,0.2957343755973625,-0.019501073144911892,0.17122651399270522,0.1432133414392431,0.16353334345096815,0.04094701238211837,0.2813177330623378,0.37220160049845646,1.0,0.34388689064256717,0.30513734725962666,0.18666097275259524,0.4117346825713566,0.007770605309652063,0.34450140519147565,0.4963398726287409,0.41106762952016757,0.29470230043629053,0.1300128230419922,0.4371960109607589,0.2694961950467078,0.49077103737315414,-0.020951152182494104,0.20320163355260054,0.20337643774023942,0.40921854360753085,0.1779913158659633,0.08426687869488421,0.2816218677137623,0.04699310936127182,0.24197386401773727,0.23392148917521718,-0.03527300426159972,0.3459905411446866,-0.0031720987608209314,-0.12064583376004853,0.18105009557449753,0.3362768418107457,-0.11927104892335615,0.08764622607414198,0.14978511614122322,-0.08295144833101507,0.13691448806500806,0.1786317996258052
83,0.2919424801706453,0.26765297576771646,0.449757646853927,0.35201399608785056,0.42490971407187406,0.23815540872989885,0.3460135742312443,0.4293791218023751,0.37770556364695074,0.32768822433451694,0.17230832146344974,0.3571734565728621,0.3611450975986852,0.2952494754620519,0.2667120539129253,0.5945502650660995,0.6918735193801903,0.17775537689125376,0.4489811458927466,0.4255793058346863,0.1964627629076865,0.6063680212371144,0.2886646940756466,0.43176143978865145,0.33807139875474146,0.42527659237783566,0.378708898426596,0.5168438170496836,0.710489914664326,0.46497768727850125,0.49288566124975786,0.5868933904753432,0.5122515429555969,0.3959216680481568,0.3959427950169689,0.06661469509049225,0.44461028206601777,0.5785050579541718,0.37054916392352016,0.2881491857378003,0.4963479626210601,0.2204369536068613,0.4389508412633396,0.5251018241969841,0.1504757357143707,0.5681040487822988,0.3821278171265515,0.41802910081388306,0.134690033562891,0.43176143978865145,0.5921389098839079,0.34388689064256717,1.0,0.17052063427789071,0.29042686710202864,0.530383714655449,0.15331239220779017,0.6495010847449891,0.49502164075012983,0.20794329345570736,0.5688080578777509,0.5715607844527401,0.6073970162120209,0.5732192485338395,0.5246602671815898,0.1413460558344072,0.22793895685985593,0.273175105144128,0.5836776464053667,0.529026718015782,0.4619086127228496,0.0865754736794565,0.39730886712465757,0.5263058116240669,0.24045281489534043,0.3978838909873914,0.7073152711661815,0.3356130798674601,0.2477090140438502,0.4365308002502806,0.34868162809292186,-0.014290357471872078,0.13269369695108166,0.46105624517963156,-0.043890332341003556,0.07202613303833384,0.32419278039658195
84,0.07842206925885196,0.21769976160066332,0.27931942928532355,0.23247977315115448,0.31886466764478,0.2008225013199547,0.35041101336157315,0.4943522212036024,0.36602865243828303,0.3466123449815715,0.3467436868315251,0.2605392988554899,0.2795337178923124,0.3980288836575117,0.12504079929640566,0.2564149499238276,0.338694924750846,0.31129791553202013,0.42167939014963635,0.3660286524382831,7.701585215675746e-18,0.30689775870996133,-0.05940680903586631,0.4443391492827942,0.40591986547918696,0.23294897011430038,0.09909970827179078,0.4666324593488689,0.28286703496434495,0.1776392703182046,0.513717175754105,0.31164813943428454,0.46316772378746,0.16734260080341423,0.40014485135730526,0.42500413572016627,0.18618690339195737,0.4328749677457644,0.34812604109153583,0.03808966969768193,0.2795952950239166,0.36904627974285376,0.2841667658969198,0.3475838937768932,0.35445227712242144,0.1868964368576884,0.095582551495806,0.28623579461845416,0.011727916931066775,0.3833384194773148,0.3457974457451474,0.30513734725962666,0.17052063427789071,1.0,0.3379643794465522,0.4094681250650416,0.14387228156329732,0.39935956202935696,0.10990746291004136,0.28416598127945586,0.15730853231501055,0.19827453489549998,0.4623720093589833,0.2629605654375568,0.23518817657529362,0.10171860428212685,0.20316928052664293,0.21919855994575224,0.4115324345781021,0.26171186656414064,0.015212963709401294,0.25012527435869036,-0.01823781429684243,0.34443812101644367,-0.052925494416533186,0.1890964890595136,0.40967707265075703,0.21851017161903355,0.12068958800807487,0.3319693301402874,0.37678060869427704,-0.13877503157105556,-0.1741594426028694,0.1977606326223341,0.13228528605904624,-0.006286786337940939,0.22558526421282096
85,0.33902278490225146,0.2646904364794834,0.3334811693904223,0.43218883571637645,0.24090769601328035,0.1935325186455638,0.215266222477502,0.530796083376436,0.202348417067601,0.30307376198334546,0.16773622413261363,0.4756946974463763,0.2332820674977362,0.420964909613006,0.0667323794868629,0.32746364870333755,0.36554023195636925,0.1764559600354952,0.4228936484070945,0.45449453010491075,0.016872833405189618,0.17558454233792675,0.1565822718758155,0.3314784520743643,0.3475510079032723,0.2035613980572451,0.15006356078508415,0.4367991054363481,0.2586235488360055,0.2039407364346968,0.26928575396425997,0.3981653508535511,0.6558933515272483,0.16618096522538583,0.28123384911878446,0.29877655740986403,0.26529881404285877,0.4271828200741768,0.17442422567906682,0.03694034119584102,0.21856645764280416,0.12988054680419897,0.3938773811224298,0.49526954192163575,0.3440549729784007,0.4851121818961454,0.2852808715814083,0.24263376883623336,0.11990029589475734,0.23167848800896432,0.2082398930207589,0.18666097275259524,0.29042686710202864,0.3379643794465522,1.0,0.3796239437243724,0.187349761249188,0.2668126577098757,0.23906090081865874,0.49014355547027616,0.2669176613673184,0.37784613865388866,0.3205542598885827,0.3987356041187736,0.29445312923350464,0.02889323989635249,0.2233621958925365,0.31362324977724226,0.48134666994265385,0.40745838553796915,0.3021472095007015,0.3100051935130888,0.11096238149898237,0.2641841495705044,0.0736250908639111,0.23049152669122158,0.422215300833862,0.20852100771097484,0.13775134049925455,0.4350128248304509,0.3931403637459092,0.10516183186910887,-0.0907031485283466,0.41216947474821364,-0.19524517949811931,0.11259088017137016,0.3923493595742219
86,0.3937035687421734,0.4237049231938473,0.4154091965377207,0.37747812031763694,0.4676047997006568,0.11980786340301386,0.4528785584989001,0.329537796576085,0.46618006458660394,0.5100420920658848,0.38800971089751973,0.4742113557331394,0.22002286630961387,0.1735943686344715,0.34983310285804087,0.36174912600806347,0.47205840280018496,0.24037930791042947,0.39366662137804825,0.49660956911358056,0.031880522437946465,0.2362730052504525,-0.13562690661795557,0.37492830425776674,0.4859247143220301,0.36820769110998125,0.1409396208278293,0.6837358336256525,0.5095156352523743,0.1901825900334011,0.4445138361555544,0.4787528219104842,0.49850901057871766,0.016553629588077535,0.4185561126028165,0.18583905068231174,0.4072205510601496,0.6191114388363796,0.2981027628932278,0.3336264755673514,0.5301926389062069,0.24396748849257527,0.3729741250183816,0.5774704308593004,0.18538325420006638,0.5473990659419578,0.23444369474037402,0.40322367837137274,-0.11720858245454713,0.4842823929996154,0.6593498760959884,0.4117346825713566,0.530383714655449,0.4094681250650416,0.3796239437243724,1.0,0.046320778528702665,0.5878044401312893,0.43075705451082635,0.45721827296598927,0.2626540990368882,0.47316387122481895,0.6671711463980767,0.5510547046563156,0.3840975429254296,0.30392898347046926,0.1827813602561478,0.2990659563670532,0.728715991801478,0.41606103563812213,0.33107259176155107,0.08740377225340616,0.2882017542061082,0.5378228202355367,-0.006327327296888654,0.23831030208528728,0.6396930210072014,0.31572237336652115,0.10592186293417913,0.19066311895334132,0.3227695251888513,-0.030727803434034376,-0.048748251163678445,0.34530034903214685,0.18245742574612045,0.0063713044467597,0.22781557750257814
89,0.008273345027490133,0.06518557311123314,0.39705411210263375,0.08804388258354953,0.1224510200755645,0.026175919045545785,0.1683141570793593,0.40412064686055066,0.131047217275484,0.10813231029388841,0.2005742568500961,0.08663056401825991,0.20429586516163115,0.31514975089991765,0.11926397777077764,0.13428916642979558,0.13189542818403946,-0.0010474405102510764,0.1980908977120907,0.2262057941568547,-0.04542188316673783,0.17116962693880922,0.1468415781319761,0.3546217055939469,0.21641411909698616,0.1355448437949438,0.2840725607568911,0.2786679605649134,0.055654382071319494,0.24683153728474572,0.1666775644901765,0.0007738909702672003,0.14738563286363762,0.215673460811467,0.0925555345783948,0.0976731492852398,0.3139587696621638,0.15186789049458216,0.051801567070919374,0.1516934697584613,0.21586746414367844,0.03830616549510565,0.25097972766706494,0.12830087076678412,0.15174078742487024,0.0742067986970687,0.08145369004591936,0.20871930248939827,0.1296014930177994,0.07280313161200234,0.1580862991507092,0.007770605309652063,0.15331239220779017,0.14387228156329732,0.187349761249188,0.046320778528702665,1.0,0.11317024284591812,0.07584101789244962,0.15163030856242463,0.017352769400081892,0.37182459789136296,0.0117385516272686,0.2201207580809214,0.20171255850993725,-0.10534140104597212,0.13587944382907804,0.21024916331272667,0.2762992143106263,0.24601930053876953,0.09954159729760015,0.04260410002075173,-0.008123613881684333,0.21909298568149327,-0.09163223279587776,0.41614878807000466,0.16943589577526616,0.22232748008243639,0.14384177303974605,0.18667544006082554,0.15346915484283719,-0.1401209375908724,0.1577360736928012,0.07364422874024058,-0.16123517439926147,-0.1591023750865109,0.052292594957226275
90,0.4441784514590301,0.3893219198104358,0.41348658652919434,0.4447008758878195,0.49978820049675926,0.1464365976081306,0.3751375177371722,0.47791551178821456,0.41859695393965274,0.5179222518953654,0.5112391799107711,0.3422345548068738,0.27159387726912854,0.1606854240368785,0.49194121660467144,0.6529613395653258,0.484502299765689,0.17699186227523128,0.6219862709737313,0.4827465314479827,0.09116690813126838,0.47219989333588996,0.13604180829523563,0.2933143999688247,0.53266121827766,0.5057285420673986,0.219078827881093,0.5929361313845481,0.7545304279643851,0.5391228081923455,0.6715223471052084,0.4491619587116289,0.5322274051786177,0.19501563615783066,0.5075138073934159,0.12251392979040103,0.25106872545312964,0.6267982060045793,0.15045944661455904,0.33776871697651256,0.4369617987119758,0.3892066712379865,0.4393947917818373,0.5020349507529333,0.20303703000243467,0.6257900958509679,0.4833400768817007,0.46328602250187206,-0.10851745100929625,0.3393245019247187,0.5380853372930038,0.34450140519147565,0.6495010847449891,0.39935956202935696,0.2668126577098757,0.5878044401312893,0.11317024284591812,1.0,0.5228976956795292,0.22078847407583005,0.3952095873015195,0.5621775092076303,0.7430527142553129,0.446317194123425,0.6221862772593418,0.4009456904127076,0.004366541621621366,0.30369291135886406,0.5590681478874269,0.5679197270491585,0.36565431779593255,0.10823443100538724,0.35146228611318614,0.6266121372561794,-0.025623544646163558,0.3757313512776058,0.6224027799616327,0.34870071373771494,0.2300720408136586,0.22677692072651445,0.25868559050843865,-0.1583746887569234,-0.032169463876729684,0.4821362400695966,0.17037920065086776,-0.005698424233172808,0.16774115737330114
91,0.3518967770704748,0.3247920236286241,0.31972841723961565,0.41836891301160467,0.4597456018276921,0.23237585186386936,0.26142562427141125,0.30877721174623446,0.29929611386002347,0.4581358460345214,0.1838992621127641,0.2806213961013623,0.16137603552549173,0.06871399900081493,0.2304128527161613,0.5066336265773793,0.3963596391568853,0.1447927712604096,0.4772152151304141,0.3324077713235877,0.13722961421593258,0.31798205663576884,0.3456051198597594,0.3679285960197182,0.32525581737611325,0.31391865606688324,-0.043390856311522834,0.3789011893727002,0.4600162129855335,0.23713240339316716,0.19112056959463525,0.4493105164401577,0.2992765895487027,0.18346822357102754,0.2500360818252773,-0.07783761331583666,0.12914655678145484,0.4496122502633089,0.04662834355499561,0.2107128031697421,0.3923074138303824,0.15773075143058535,0.280505832794809,0.3855576159143204,0.15369702406479754,0.3432626399778866,0.3897601547677251,0.12277565688451755,-0.11489004440516183,0.28135716166213737,0.4345735482312516,0.4963398726287409,0.49502164075012983,0.10990746291004136,0.23906090081865874,0.43075705451082635,0.07584101789244962,0.5228976956795292,1.0,0.3143780056048842,0.2458007983010263,0.38735563998979405,0.3767070780078135,0.37081152821434266,0.42570539290839005,0.035088799302533454,0.020353980706869775,0.251558416411471,0.5365540669467036,0.5941500359908478,0.32106939124929823,0.14310620991032444,0.27450291354628265,0.4645942233212895,0.16655264609631137,0.25120638035724946,0.3956409447502788,0.16114893283391674,0.07337248881909934,4.7936921575172336e-18,0.18071577247122042,-0.02128526964541947,-0.1510912202399419,0.30919799602306397,-0.03755873143771002,0.04198496581765152,0.264711437768901
92,0.3749920843757207,0.5393939044869827,0.42686346472657216,0.35222142546341373,0.24825585583154636,0.20019517802294853,0.3720805902643032,0.5375271988002258,0.24127875226426637,0.49643947264403393,0.2613088683935225,0.4052336749447827,0.11765902596859548,0.3343510291874949,-0.044142171933084326,0.23542935634777581,0.43103035633872383,0.18577980205674072,0.2917850882770003,0.5546324802564674,0.09081719956332526,-0.001577261560675176,0.1995755242092094,0.3577853067273829,0.4828907927990967,0.22359131412306912,0.22254579759613757,0.4666094975123662,0.1814901588350615,0.08194587917281858,0.21485631673943895,0.3986640153677275,0.5893828103058217,0.2525943727949077,0.4251166544480532,0.05370431732097616,0.2875850117175488,0.4594440875502946,0.11094808419899041,0.2721174081503469,0.40702363445479806,-0.04229465401486327,0.3626897050098885,0.5411655880764409,0.3205653193850783,0.36420326009862225,0.38586754361034253,0.3791899479280121,0.10427034344981154,0.4160673715916511,0.5059832852933002,0.41106762952016757,0.20794329345570736,0.28416598127945586,0.49014355547027616,0.45721827296598927,0.15163030856242463,0.22078847407583005,0.3143780056048842,1.0,0.03550716085942288,0.37778370035918757,0.26375098505166167,0.41326710475440176,0.3892668191388073,-0.10083677696901043,0.13115522747816133,0.2882676366078327,0.5531849515567691,0.4021746811731308,0.3892812629829664,0.48534826817539567,0.0711303407100523,0.4647236171400693,0.05223531639615149,0.31713650751122135,0.40566071673244897,0.20373914909515037,-0.030240824778023815,0.11544594568523939,0.3991712028193281,-0.1848981449573749,0.1157705209395459,0.4939392743609243,0.04362696141684284,-0.11119741825294639,0.3586729495103145
93,0.2202313412174971,0.00938946985209204,0.23883552794699026,0.4466291506325892,0.5336433606207458,0.2938849047829014,0.3935046552086639,0.08241600431641037,0.1880401042441133,0.285862486219385,0.07717396825108082,0.377318126436896,0.3399763719009124,0.3762480629051792,0.11316480221332252,0.47053930572173613,0.4199962168455415,0.11217547556246951,0.39394187395999863,0.26077770329510275,0.18575911930722502,0.45805550524089433,0.0024639093406532125,0.2435124889696725,0.13694376402262926,0.3796751629798641,0.35418876328217913,0.4976119216080201,0.4967424346313342,0.45842690144314047,0.45900032669062407,0.5162269616473415,0.4571779519229222,0.3421824801288953,0.5826020766814669,0.1968836609935866,0.04139156103009647,0.5175399336610601,0.4542249670308465,0.14475002651350022,0.23578735310394075,0.15629860197327472,0.5365793950214929,0.27192382688784555,0.16278613672193043,0.4676286353511401,0.18526432860209163,0.472786221381108,0.3873271361487321,0.27781200262964306,0.35211765508092047,0.29470230043629053,0.5688080578777509,0.15730853231501055,0.2669176613673184,0.2626540990368882,0.017352769400081892,0.3952095873015195,0.2458007983010263,0.03550716085942288,1.0,0.26659981270491195,0.5514428295470505,0.5814475359553054,0.46094621657022167,0.027482880537521164,0.5136509422216038,0.2794108426431101,0.3368034169827269,0.34209680543085763,0.3186828041979351,-0.10401390111648504,0.126395274814885,0.3682446789972188,0.35167412071475,0.19270065365315625,0.4470510209933969,0.1845078296956345,0.2914182982382751,0.43865192159623856,0.2844563245882956,-0.021501955711804452,0.050037231627216745,0.20808466635985598,-0.17479023597223778,0.18954160919105598,0.044742026439517
94,0.3738017712366847,0.29994817360138565,0.6234771687790992,0.24591951116897537,0.27024095277465404,-0.030663461553010796,0.20928035933206024,0.4785416151877894,0.49471447679419417,0.36579744142859444,0.3397333703768554,0.4476233047388777,0.25947848953455616,0.330047762734312,0.3008990281451436,0.34369125157370756,0.4149304547258796,-0.08024654741084432,0.31485781083302056,0.5926646588935126,-0.12780322446882966,0.39738342985107644,0.22902750044143008,0.13993968344634786,0.34235834844524937,0.30808765064784105,0.09351972725198365,0.45368923442181414,0.5128276231473784,0.28393792780161226,0.1896137773929884,0.24374515037771205,0.5174390782056671,0.367181830988921,0.27026869308613793,0.09402066213426227,0.3453187384555572,0.5175329711484223,0.0553761403162109,0.14440601789959662,0.3161118231960036,0.18732212121366904,0.46365552335138066,0.5342060110417334,0.24373954614148113,0.4940388597408214,0.6133660470615659,0.3629029261729869,-0.01243334939170516,0.32652592804147823,0.5926507374808767,0.1300128230419922,0.5715607844527401,0.19827453489549998,0.37784613865388866,0.47316387122481895,0.37182459789136296,0.5621775092076303,0.38735563998979405,0.37778370035918757,0.26659981270491195,1.0,0.49568790295832765,0.5037006834433108,0.3145772881496136,-0.03241132104765339,-0.05564184432962042,0.24675324675324684,0.6651633254052499,0.6307253341930313,0.42367134344875496,0.25420457445505223,0.2074555261528921,0.6882482043415424,0.10526149007576535,0.4574461085933262,0.5262498046697253,0.16302875066753889,0.20332123114365055,0.012512322885999527,0.09705807308432413,-0.07864432203740337,0.07295848768211269,0.468822319080414,-0.053835005738880566,-0.01989769282691098,0.24451242462133274
95,0.3002331055954244,0.3230935660612443,0.29012872815197494,0.46443519074647244,0.615067437669438,0.31658174299855013,0.3751542892474252,0.34897969826368225,0.5496482466275562,0.44892816688791215,0.4530740419799919,0.39423375018817347,0.2931154507437087,0.17586130063895103,0.3672727272727274,0.5161451763457257,0.4893798963247563,0.271853511704334,0.5465319229991444,0.39546017560510444,0.15498130441489913,0.5456101788729015,-0.0024167282940239215,0.3786296787156759,0.5423427441885004,0.494601504934392,0.18187374261401007,0.5705139140512929,0.7739221274593278,0.4615414157677504,0.590073611540896,0.5142558997569037,0.6302471725211847,0.20538212722098814,0.5834032432737197,0.2864507811934526,0.17302845475194575,0.5871836050388922,0.35261568100997875,0.3732746354741668,0.36407283760067927,0.42589162069991193,0.4772444767223986,0.5038371497610302,0.26858332476518415,0.563789085858651,0.3558516301237075,0.4523488378527773,0.03206330575334964,0.42336220373996014,0.6392019663628106,0.4371960109607589,0.6073970162120209,0.4623720093589833,0.3205542598885827,0.6671711463980767,0.0117385516272686,0.7430527142553129,0.3767070780078135,0.26375098505166167,0.5514428295470505,0.49568790295832765,1.0,0.5235919596125787,0.48706525039211634,0.2682666666666667,0.21553793202077529,0.27894169902486843,0.5904913536599622,0.4007217915193447,0.3414750611557223,0.07975120548976089,0.3142612694153473,0.5436941891758451,0.21532958289165166,0.3034759101656614,0.7128217204847261,0.26545769561644605,0.24564052396888178,0.25200963231904855,0.35228746284375945,0.029798227754857413,0.009181722350249522,0.35984886649208003,0.13585090088712606,-0.05406368862098854,0.1290118734538162
97,0.3164702792137415,0.3579017897033092,0.5428916568426699,0.30346927620098046,0.4578317557969111,0.3313182145520681,0.4171825714661427,0.37500738131855615,0.3621532558358448,0.36229083927234473,0.13774160095279783,0.5093449764273585,0.44052217605649835,0.32338544101144473,0.080587180622102,0.5022220689047948,0.5288784560797892,0.16578885719871753,0.41283335047583497,0.4275845620692431,-0.002415516876574555,0.4123227451104745,0.16982794765821188,0.44781851794009825,0.27721830503479394,0.3741211426175972,0.22103009245935196,0.643365692215099,0.5298684845840632,0.3765150987866655,0.37429706352227543,0.46585328321935937,0.5303041611324683,0.268793620995498,0.3748336273514103,0.3813845199447079,0.4200891130219875,0.6052364221902462,0.3197984072028622,0.2362426740626932,0.40073106100954403,0.041646348588872104,0.5191079009568672,0.505774600914125,0.35324142174280004,0.5581418935256863,0.363113683241951,0.5811340284494293,0.2676125677308208,0.5063568862982808,0.5968292567525089,0.2694961950467078,0.5732192485338395,0.2629605654375568,0.3987356041187736,0.5510547046563156,0.2201207580809214,0.446317194123425,0.37081152821434266,0.41326710475440176,0.5814475359553054,0.5037006834433108,0.5235919596125787,1.0,0.3511842113996808,0.1755764352069163,0.4357303220400482,0.4263736263736263,0.6893393844211841,0.5600595424746652,0.3514993505325742,-0.019353275343624753,0.21711324736738194,0.4872319435756546,0.15529777276985582,0.3911683095515063,0.6335033682034021,0.2085932218935931,0.12105676861797375,0.4231727495173052,0.4075695890943764,-0.005757118219666917,-0.04650019008807964,0.46469937817083423,-0.043648069175755054,0.020573845308843867,0.33320439453272166
99,0.3459731595953467,0.25727216961535015,0.33755307648272115,0.6499909886938289,0.5129543208094565,0.3697483522096986,0.4622998982940336,0.34294287591332623,0.20788268748151592,0.5123693144565974,0.3378983374848606,0.3436242223767232,0.28395441425209467,0.16685295135457895,0.2411611714470011,0.5810051327533298,0.4759942017311933,0.2751567798198134,0.5637981963620897,0.48152136048523614,0.20878102841091956,0.40482598976694545,0.025956892368555227,0.4398516125129823,0.4172571091585011,0.49971835139461224,0.36075272157324395,0.5222544611469818,0.5254358581848518,0.42420821051821783,0.6053262653608665,0.3896522793900792,0.5043224806148582,0.18159043336850755,0.5532251179003214,0.030026215763762163,0.22963603626036058,0.5440538456894587,0.24613922269046018,0.25654650925962164,0.4846767419168361,0.10705123423832313,0.487078712980696,0.4630218909243623,0.22135168353120377,0.49092465673206165,0.2343201475312453,0.47797494087425646,0.12826808559463834,0.2970426474113646,0.47017285573834205,0.49077103737315414,0.5246602671815898,0.23518817657529362,0.29445312923350464,0.3840975429254296,0.20171255850993725,0.6221862772593418,0.42570539290839005,0.3892668191388073,0.46094621657022167,0.3145772881496136,0.48706525039211634,0.3511842113996808,1.0,0.16670240060645825,0.23210760467604233,0.3756250789254218,0.378265539358812,0.2995933271902971,0.30265072228084594,0.19757176592200154,0.35567134271711287,0.46041753332464086,0.1365057008349437,0.2689997071808243,0.4970602390955167,0.3220372466576805,0.30597868872100537,0.32713849637791287,0.2812606338278644,-0.04494382022471912,0.03227730829518579,0.3941863738820146,0.07272233868808604,0.10574976261069344,0.19616569463638003
101,0.26411592090299485,-0.057486588251975994,-0.038642830464329404,0.016548434455112056,0.14851144382444778,0.06788612279526375,0.07962260575935996,0.0024172569361891093,0.10280847770814948,0.1266962388302168,0.2646642502188203,0.14289660362255732,-0.08451792604019912,-0.11361064185648745,0.21606225923804262,0.3667272877577095,0.1667079688422732,0.27509779785094235,0.17962237206204937,-0.05549793830135378,-0.02918680146964371,0.24008548316734907,-0.191969196718712,0.08945990233814005,0.12012673530013691,0.22622115233806603,-0.0031465683006055172,0.11295985477355723,0.2450155715721884,0.2885122668578458,0.38960487731265836,0.16911912738019072,0.1218684243606338,-0.06652268997785332,0.026619068860032218,0.12114048390213807,0.22328850967909936,0.12189053823929918,0.06521157032545988,0.28243778376627793,0.15435040743260556,0.037582451918096546,-0.032117999891993564,0.05032696415229684,0.18525005219835106,0.2275042820269035,-0.06909021635182613,0.18696938665073773,-0.21186615817568735,0.15223878117192255,0.16192699014351675,-0.020951152182494104,0.1413460558344072,0.10171860428212685,0.02889323989635249,0.30392898347046926,-0.10534140104597212,0.4009456904127076,0.035088799302533454,-0.10083677696901043,0.027482880537521164,-0.03241132104765339,0.2682666666666667,0.1755764352069163,0.16670240060645825,1.0,-0.07407407407407411,0.04370747790286393,0.07065093722445454,0.11768235670981486,0.03326134498892669,-0.23708851639822454,0.1429618984469991,-0.051489882058043356,-0.013349228681714906,0.07651012269040394,0.2685443510208736,0.20533994789531448,0.041501786856152204,0.0677794047782567,0.10335356815290697,0.01852248895627313,-0.16680019077010508,0.16118503533540315,0.2118705666217361,0.03773173325344009,0.1461852286577859
102,-0.019032452535900087,0.10418383443118187,0.19426133684302188,0.14361013937738784,0.2773417676937662,0.3175588471436073,0.40776152082272393,-0.005169172551829216,0.0967677939781801,0.1775671574897349,-0.041486990682251146,0.3047074544272516,0.42980639248903185,0.4059273793910148,-0.09200253010436725,0.16366816056810105,0.1363493313506437,0.14975571958031883,0.10915890311970276,0.18919113131099513,0.12981825748316944,0.22167098798851578,-0.07413435354023136,0.31102509316663735,0.11897805150349,0.14230056537729477,0.10077275473018356,0.4157344611648801,0.14157846796897244,0.2939217658872742,0.3767834700384248,0.2633105615083488,0.3525988395069729,0.3347794717212964,0.4240747066493602,0.07941838832201231,0.19590527370773586,0.345336030196869,0.4497722969733154,0.2901696274567906,0.02454543230429424,0.14563307040542328,0.28425186918968,0.22187835084121318,-0.004712235925760047,0.17556122390475998,-0.0917942473361547,0.3733848635568998,0.7272465407276477,0.46208494725347915,0.25035124357485455,0.20320163355260054,0.22793895685985593,0.20316928052664293,0.2233621958925365,0.1827813602561478,0.13587944382907804,0.004366541621621366,0.020353980706869775,0.13115522747816133,0.5136509422216038,-0.05564184432962042,0.21553793202077529,0.4357303220400482,0.23210760467604233,-0.07407407407407411,1.0,0.14271666106666636,0.2169698980038465,0.12193585659430406,-0.0020152118058610843,-0.05481481481481475,0.14978486841064367,0.1812924943424605,0.2596013926756896,0.0331667661383237,0.11607615217305718,0.1768115942028986,0.1958811434521317,0.33790281153990637,0.34893238199393123,-0.020353980706869758,0.021463810929658135,-0.00156046312679535,-0.14605545390786953,0.01127516819152899,0.07199514114643259
103,0.34572054343464376,0.3622017336328546,0.28450813735667174,0.4242837745991257,0.3845875449799052,0.40322761504054394,0.38572713814458864,0.30196131491489336,0.07607316976803141,0.4148262476410288,0.17631180352529982,0.17263764760187944,0.30594993838254175,0.18214322827497398,0.3237789824991026,0.46639798894452933,0.4000139640661826,0.15911621619110497,0.4733059605468845,0.39779928357866434,0.013260962564478476,0.14948786091487926,0.14580736104675773,0.4016931036674576,0.355922425035998,0.20231332248769818,0.2718066933937944,0.4168206892901462,0.36856749250716037,0.15829603274152956,0.4459026891318358,0.210079003106438,0.31553042427359124,0.1592157352451395,0.4398989536187448,0.2708494562420257,0.31745108882857787,0.29055724564178675,0.02249980184920853,0.13530219780219777,0.4205012952397975,0.140983580309473,0.5783816079189168,0.41146138651504516,0.29500136822070167,0.4417461478999763,0.4395045205541167,0.4956688296794726,0.05936512220452257,0.07777542433845806,0.29283539422474825,0.20337643774023942,0.273175105144128,0.21919855994575224,0.31362324977724226,0.2990659563670532,0.21024916331272667,0.30369291135886406,0.251558416411471,0.2882676366078327,0.2794108426431101,0.24675324675324684,0.27894169902486843,0.4263736263736263,0.3756250789254218,0.04370747790286393,0.14271666106666636,1.0,0.2975886792945602,0.33160640935628716,0.24882260596546313,-0.10509046597792036,0.09549550470491189,0.298190659142031,0.0779060616233519,0.3832269778678128,0.4250986374807293,0.3687622037835763,0.16300960462469014,0.2889203397759771,0.23650793650793658,-0.08315648022156782,-0.03308518721545854,0.27572268886506257,0.016212900549300257,0.1682126794721599,0.20875086756959307
104,0.4420676900827628,0.4747250180589923,0.6064498928342489,0.3612584745029987,0.3256390571822684,0.2853816381530742,0.41652505048356153,0.5355158368683925,0.4688651763352853,0.47244216454030663,0.2575855837345806,0.521922800380026,0.30609252782528196,0.3561135632522748,0.2747434722239895,0.47184294665469967,0.5482366881193328,0.24337148552205,0.4754605321014287,0.6097461795966347,0.00508186356411243,0.3962694959478017,0.14382392171783492,0.4490395063833135,0.46948793531005845,0.29027219186473574,0.1101584465242137,0.7076300573187174,0.5110278195756685,0.27909711536601367,0.3773831832717728,0.5600413079709089,0.6509587965867989,0.3011505855481755,0.4047120982498356,0.36114945558452055,0.43616899383355356,0.704248738406302,0.32947463035745017,0.2398036896520083,0.4859279577588898,0.24263029579559925,0.47820223700944825,0.6767452981027317,0.3737576378274978,0.5961131438197431,0.35258145214666325,0.3815594406041934,0.16056580498897177,0.5058799502293024,0.6562627962456695,0.40921854360753085,0.5836776464053667,0.4115324345781021,0.48134666994265385,0.728715991801478,0.2762992143106263,0.5590681478874269,0.5365540669467036,0.5531849515567691,0.3368034169827269,0.6651633254052499,0.5904913536599622,0.6893393844211841,0.378265539358812,0.07065093722445454,0.2169698980038465,0.2975886792945602,1.0,0.662204214118613,0.3613807026578106,0.15708123816477734,0.32550834394137956,0.6208233479399017,0.0836461618361549,0.48192512572137636,0.7121080979531047,0.2478883343039513,0.15287335320856155,0.2597020731305533,0.4605815896560435,-0.108075868388232,-0.09962828319530898,0.48058698829260504,-0.05482562310536749,0.011543280421963061,0.3547349792551225
105,0.42468099714941243,0.39709175320385326,0.556668443827942,0.20283900447841344,0.32860483566161375,0.12301720797080762,0.4513264814851718,0.45992480772209215,0.38107737763552046,0.5229875680166389,0.23021910433768755,0.42724708491120134,0.25139100122032326,0.42464356775598106,0.3385504692471251,0.5498190650714732,0.4271284604049095,0.058910351583975104,0.46603317510522735,0.5427584890623275,-0.09373512035768289,0.4206200930558305,0.37877444150830686,0.39149257920924424,0.4088115428952745,0.38078941162277813,0.05487051943977505,0.5995097323137313,0.5503228103863412,0.38678771299838194,0.3280833993248947,0.4387823354030168,0.4822446120067994,0.40349100904776025,0.37234561613671924,0.11291543014170816,0.28439823852457763,0.559436072484703,0.1886132468666351,0.10501432986255753,0.27306034705260046,0.11273862641986981,0.5276120024526588,0.5320788818942794,0.37237944715996113,0.5973504874746064,0.5619270610401121,0.29701470908951666,0.24289092473608903,0.4152915201946085,0.6098765100876077,0.1779913158659633,0.529026718015782,0.26171186656414064,0.40745838553796915,0.41606103563812213,0.24601930053876953,0.5679197270491585,0.5941500359908478,0.4021746811731308,0.34209680543085763,0.6307253341930313,0.4007217915193447,0.5600595424746652,0.2995933271902971,0.11768235670981486,0.12193585659430406,0.33160640935628716,0.662204214118613,1.0,0.5043637613097004,0.07928653483830661,0.2510836177092971,0.6279938146652105,0.0689202728297199,0.38632990546758383,0.5029236682319774,0.24175517294829044,0.22832985270052059,0.15863621372104567,0.20999001828685926,-0.13575322638310344,-0.07988963690358074,0.4160195994769022,-0.11403206878715806,-0.046313273247660464,0.26085447419861585
106,0.3502481803894828,0.46430812132396765,0.34348691662155295,0.13519769541448903,0.3763741630278081,-0.056641762586156545,0.3717155353279262,0.30416561982342055,0.29117453304788216,0.46371816743078303,0.16091227677098463,0.4111396740487148,0.20396191366860159,0.09770297381634177,0.13556653862573537,0.1814719048452924,0.4508602731264771,0.027450368280042606,0.17232816896586212,0.4396684098800541,0.1861206878495869,0.15957597307157811,0.2649432257414942,0.28721952319725935,0.3011460749620921,0.39055997824511907,0.3701792146915872,0.3591676953029872,0.29321153479622325,0.17483071470301798,0.26168544834700924,0.44619147584956115,0.3928015549541023,0.32608695652173914,0.3328281581819152,-0.1362161808935442,0.4252501404934661,0.33439998899064227,0.1325997000814665,0.09664775920306044,0.2848409710959998,0.02135942866172089,0.37785342130328714,0.46598374814618315,0.3736901426517381,0.6129349712873474,0.5131404397301165,0.226943724038662,0.07642790518983891,0.307735203425635,0.41972913089174585,0.08426687869488421,0.4619086127228496,0.015212963709401294,0.3021472095007015,0.33107259176155107,0.09954159729760015,0.36565431779593255,0.32106939124929823,0.3892812629829664,0.3186828041979351,0.42367134344875496,0.3414750611557223,0.3514993505325742,0.30265072228084594,0.03326134498892669,-0.0020152118058610843,0.24882260596546313,0.3613807026578106,0.5043637613097004,1.0,0.12521826239094216,0.18924114173522946,0.3739226295081603,0.02492817530054402,0.2857480077938851,0.42754061828819767,0.32733462912841865,0.2295189191137601,0.21186780211614795,0.2415903584976094,-0.15132536114042297,0.21789451846887453,0.43134692162293387,0.1704788870238306,-0.13077370909185992,0.2895288951227268
108,-0.013209451838276143,0.1897571861054958,0.2254906268415821,0.1739195252603654,-0.07701857503862981,-0.010422156818065431,0.23908909555719818,0.35679884252325,0.21502268945057554,0.26763348986471813,0.054066901113932066,0.05343993174176399,-0.055070099788201286,0.24574422927388226,-0.10031993646329045,-0.11832295006811026,0.09738649646895527,0.013835081857523933,0.11322039463344757,0.23056371806819628,0.3083974785020242,0.06255421660533993,0.1047799998026436,0.19055096353768428,0.16675004379763503,0.11114298412331407,0.06811344933759125,0.1695283315146356,0.03356167684079124,0.048553324818101165,0.08841003727002884,0.16501086824714079,0.3472389901634125,0.06260913119547108,0.24435808220432798,-0.1540615723270034,0.10252465618008688,0.2978934507373733,0.17957912878935894,0.04685515961171388,0.09969503341667948,-0.013841006058389574,0.14106625862046862,0.22630521104935433,0.14842831947053772,-0.010351862639394251,0.3133052064036802,0.14245182083074928,-0.0019269074660998617,0.1905509635376842,0.22370656329569313,0.2816218677137623,0.0865754736794565,0.25012527435869036,0.3100051935130888,0.08740377225340616,0.04260410002075173,0.10823443100538724,0.14310620991032444,0.48534826817539567,-0.10401390111648504,0.25420457445505223,0.07975120548976089,-0.019353275343624753,0.19757176592200154,-0.23708851639822454,-0.05481481481481475,-0.10509046597792036,0.15708123816477734,0.07928653483830661,0.12521826239094216,1.0,-0.06301773858362462,0.312900633080056,0.1214509149431192,-0.07886699879301227,0.10585079258893694,-0.20268701235782893,-0.13721153743582554,0.0027735614312007027,0.10583862734792854,-0.08135308008553008,0.12279198987813131,0.20585345524045448,0.031540189078724114,-0.08553640677100824,0.24042646704767454
109,0.07350130000902645,0.18442341457141165,0.26932754418821114,0.06472996458773057,0.18752918176102445,0.1859291518072391,0.22381075372082546,0.08979931730361236,0.12186063699987316,0.3664275038497067,0.17071716880559173,0.07850580349342717,0.18957239710728652,0.05528337272463591,0.11678263523566773,0.3845861234226492,0.2534754002570916,-0.01045441230666522,0.10196214136864185,0.3121685757995609,0.11161892470105947,0.3096588046240572,0.08501190976500637,0.30248832755101385,0.3499240307648314,0.30052340515278886,0.03804274535950094,0.24100782636770668,0.27733172098616055,0.15355060963210893,0.30555812253242853,0.18427586908065152,0.260014888624743,0.21289628445213316,0.15556525085883038,-0.05650956398427328,0.24503668845895413,0.3670834981901276,0.11852112106304166,0.1819371120317557,0.3551463160818792,0.0569428395679286,0.15989404819188155,0.28633635108319655,0.044472335697937584,0.43599223117882846,-0.013400805010536202,0.03799165604902263,0.15320026689960947,0.34713605117477964,0.2797467589039293,0.04699310936127182,0.39730886712465757,-0.01823781429684243,0.11096238149898237,0.2882017542061082,-0.008123613881684333,0.35146228611318614,0.27450291354628265,0.0711303407100523,0.126395274814885,0.2074555261528921,0.3142612694153473,0.21711324736738194,0.35567134271711287,0.1429618984469991,0.14978486841064367,0.09549550470491189,0.32550834394137956,0.2510836177092971,0.18924114173522946,-0.06301773858362462,1.0,0.269896327474792,0.13427003226132866,0.22986821828412332,0.3281043457342934,0.17690510687254202,0.2928862067563063,0.03982073587323855,0.28859077281453155,0.03951903807967922,-0.07863036399783406,0.19947985198358195,-0.12173858376788073,-0.05347656653571117,0.21738241440641046
110,0.3031336726457038,0.39749935592304847,0.642943170212523,0.3327991612316198,0.5428907280704883,0.05809495932839344,0.48591900499438523,0.3957069582159193,0.5222361576117401,0.6098172913675494,0.32136793457026613,0.29950272104784775,0.3069705496908817,0.46756196868332217,0.24829397036498757,0.38516379630464115,0.426524752936596,-0.06138059705168073,0.38163051380720203,0.6558359838594636,-0.004359531417492914,0.352754686945404,0.07337983681104414,0.3022994594747409,0.5011294760852102,0.5320927173354559,0.18630089346298823,0.6338009030033359,0.5629605304378386,0.3594278627771595,0.45357289891100905,0.3128017646353479,0.5167364187005007,0.3240662789070723,0.6155596069356104,-0.01985023347094621,0.22645365299706177,0.753000654598783,0.15024141659841794,0.11562804794140351,0.39694134420193844,0.2730944164072064,0.5857344677134215,0.6244464136552421,0.1623180443960105,0.4221439294716647,0.5130988587571874,0.5471617680852301,0.07654312669321985,0.37287520876845465,0.7499496559824905,0.24197386401773727,0.5263058116240669,0.34443812101644367,0.2641841495705044,0.5378228202355367,0.21909298568149327,0.6266121372561794,0.4645942233212895,0.4647236171400693,0.3682446789972188,0.6882482043415424,0.5436941891758451,0.4872319435756546,0.46041753332464086,-0.051489882058043356,0.1812924943424605,0.298190659142031,0.6208233479399017,0.6279938146652105,0.3739226295081603,0.312900633080056,0.269896327474792,1.0,0.009051929490233458,0.3459998151185731,0.545305784859287,0.15389486561782467,0.1188335688698404,0.139142930986221,0.16196792092155182,-0.10180086163961904,0.06275191033530864,0.37445559492017866,0.0735670927039072,-0.03609154516781046,0.08742709969222102
111,0.12144472058676467,-0.17466534797787167,0.15639158194358657,0.21911000677361306,0.13401905002576905,0.21686379227555572,0.11650689593432625,-0.0648465465425764,0.09417373333982197,0.03587160537456171,0.05227995107841652,0.15061869176564457,0.13155880701037773,0.16880032735212588,-0.31306631046020184,0.2563885688463864,0.16802490267199222,0.2848689247783131,0.23342448902770607,-0.007982628887463074,0.25572153293780747,0.40358389255713345,0.03539340673017619,0.23172371018102708,-0.09907481848772402,0.06291276617793964,-0.16743498020091344,0.06177842736855622,0.269841724390572,0.24486918141392142,0.15349922533120663,0.17326194398017405,0.2665008648503792,0.2243535777048962,0.11825452289181057,-0.07191641962424779,-0.09124641482915863,0.2191709344139243,0.2298874687710733,0.08607455325989462,-0.05670590631456271,-0.04531162962810148,0.11233263764366988,0.016763662111550136,-0.16871158294704616,0.15315190863668815,0.11297589550616964,0.07339974937728695,0.22797022552603186,0.30229945947474074,0.2867650475721572,0.23392148917521718,0.24045281489534043,-0.052925494416533186,0.0736250908639111,-0.006327327296888654,-0.09163223279587776,-0.025623544646163558,0.16655264609631137,0.05223531639615149,0.35167412071475,0.10526149007576535,0.21532958289165166,0.15529777276985582,0.1365057008349437,-0.013349228681714906,0.2596013926756896,0.0779060616233519,0.0836461618361549,0.0689202728297199,0.02492817530054402,0.1214509149431192,0.13427003226132866,0.009051929490233458,1.0,0.026135273520794092,0.16686012975189543,-0.021270022077260285,0.13478438348324182,-0.08171886423000274,-1.3865858606581799e-17,0.025450215409904824,0.019852729274032917,0.00031706654946667357,-0.28917683817076406,0.24196229061403673,0.2312944789325847
113,0.5253661953607287,0.433920725825436,0.526425929690042,0.2166361865336293,0.27339876206078245,0.17519913386673588,0.10004627330994909,0.5209287591834516,0.09112659442815153,0.27124780331290915,0.1913658897131397,0.35983765887769603,0.33113031350615807,0.22504913577694577,0.18208335334831277,0.43723257631132467,0.3774483303922758,0.22293450391349054,0.3003348624532329,0.4998303672607877,-0.08583161728863853,0.3337739021661049,0.25981111230515025,0.34767713857684124,0.36588151807400005,0.3728029409469403,0.18729417304879895,0.30162243803822564,0.33811541012274876,0.4256075559609891,0.27309709176550473,0.2637311138327802,0.3780159030880212,0.5306748716172152,0.17447235597137054,0.34823791762802053,0.5048238660953467,0.276718873902596,0.034088202329950454,0.17815533680656634,0.4141501623090253,0.23964619849857027,0.3022041597706292,0.41863296483816326,0.24657602232190248,0.4436850873991395,0.2582343665717304,0.4316121569051377,0.15552891272456704,0.2898914645751502,0.3626521670844843,-0.03527300426159972,0.3978838909873914,0.1890964890595136,0.23049152669122158,0.23831030208528728,0.41614878807000466,0.3757313512776058,0.25120638035724946,0.31713650751122135,0.19270065365315625,0.4574461085933262,0.3034759101656614,0.3911683095515063,0.2689997071808243,0.07651012269040394,0.0331667661383237,0.3832269778678128,0.48192512572137636,0.38632990546758383,0.2857480077938851,-0.07886699879301227,0.22986821828412332,0.3459998151185731,0.026135273520794092,1.0,0.4802859775769607,0.449726237007158,0.3637246649680213,0.23327865017253663,0.17217129150331395,-0.1174505763747261,-0.009404479284146946,0.4966267196368801,0.18423524268519403,0.12169258968146783,0.3325444696842324
114,0.4005218279293827,0.371896927663049,0.5855998018999862,0.3955719588259058,0.44699668988156266,0.38174510557592717,0.3642414860992775,0.5217763847179568,0.44822738410800994,0.4876128557490814,0.21930404004316692,0.41294122423591395,0.28149418408052096,0.3451978612530446,0.2884452145233643,0.6100152519225781,0.750584591076649,0.358014265710971,0.633236935189415,0.6113510547859216,0.10255238315501318,0.5909659727184492,0.11386142622540246,0.535140812508735,0.47796422972368224,0.546724322255896,0.4214890792910548,0.6278847832776323,0.6505854305975424,0.429150272542981,0.5584092795746473,0.6381955676468117,0.5376000023810659,0.31502992926498785,0.48753366976682583,0.3724674516743897,0.4455111772911493,0.5687503916014885,0.34640226920595124,0.24543130725021403,0.5978667881307322,0.21666926947424806,0.6156446878969827,0.6260949420750587,0.29646549314956705,0.6172160505109108,0.26770001169003954,0.5300512389377655,0.07938776069321675,0.38649058681186405,0.6768708786886918,0.3459905411446866,0.7073152711661815,0.40967707265075703,0.422215300833862,0.6396930210072014,0.16943589577526616,0.6224027799616327,0.3956409447502788,0.40566071673244897,0.4470510209933969,0.5262498046697253,0.7128217204847261,0.6335033682034021,0.4970602390955167,0.2685443510208736,0.11607615217305718,0.4250986374807293,0.7121080979531047,0.5029236682319774,0.42754061828819767,0.10585079258893694,0.3281043457342934,0.545305784859287,0.16686012975189543,0.4802859775769607,1.0,0.334305883833604,0.2649317330801059,0.3708231442847477,0.39897569268434346,0.0459467447903419,0.04657908423141916,0.48999029318793197,0.12220401371601397,0.18018859845539223,0.3276620270921667
115,0.37419040348246774,0.2836649369461916,0.30930692732407933,0.28228717565371914,0.21674606649125885,0.016109904103519822,0.27612196594682786,0.35528560999745273,0.11241870149220443,0.2272046452980469,0.19383355041566613,0.2884255864771876,0.3284407920472713,0.0823845158164072,0.2211385195056713,0.33856139835185844,0.27909430095332566,0.22182096009193533,0.36651732985613755,0.2394327370582857,0.09208385931761567,0.1575167663201132,0.1355085954966282,0.33671479790467124,0.3055372294269622,0.1764244517711516,0.3488869733525113,0.31447269324488136,0.25131545827043206,0.25196735648518137,0.40716439764972795,0.18221333147218371,0.24424972617743707,0.37097924634554114,0.19210843376974368,0.08802468238759212,0.3890403854132599,0.07009777144443648,-0.08081499617449613,0.2920228329411252,0.279973936218514,0.24978944435742526,0.23179393266952247,0.33569139165985834,0.09305866695977738,0.41132619482119204,0.14010823784996665,0.24533605945304687,-0.15387425822041256,0.151367202727788,0.2061306505498321,-0.0031720987608209314,0.3356130798674601,0.21851017161903355,0.20852100771097484,0.31572237336652115,0.22232748008243639,0.34870071373771494,0.16114893283391674,0.20373914909515037,0.1845078296956345,0.16302875066753889,0.26545769561644605,0.2085932218935931,0.3220372466576805,0.20533994789531448,0.1768115942028986,0.3687622037835763,0.2478883343039513,0.24175517294829044,0.32733462912841865,-0.20268701235782893,0.17690510687254202,0.15389486561782467,-0.021270022077260285,0.449726237007158,0.334305883833604,1.0,0.3414066169787299,0.29581638933935456,0.1418595682391683,-0.3220372466576805,-0.13212681925549152,0.26396183964843567,0.07511746287542018,0.06599334537022844,0.15403744539331005
116,0.12326249513631823,0.25355259585431533,0.3393774352690971,0.01211127043837811,0.28139187525165876,-0.06584220769002118,0.05232699203690512,0.1627060621060743,0.10032298666550304,0.2366693429123198,0.1325649752135311,0.2627580299184837,0.5301940254436309,0.08877455510887806,0.09035946521560224,0.3283862530624006,0.19112620206032663,0.042155262169870734,0.30806062449601995,0.3594003941070323,-0.16058756500285057,0.3097276778320416,-0.11950538381026503,0.1516213233789904,0.05436741003667639,0.1945712090633549,0.03553003753438279,0.10341943460454577,0.20637928991688853,0.1941727799213821,0.23764296864762863,0.09538460924142127,0.2366806608502852,0.37557641309524387,0.10115935434523196,0.2609375665830863,0.21211837274209006,0.08999445522906221,0.015151195157200478,-0.029065782853872398,0.29997197957113975,0.006150274828608548,0.31565385204405716,0.1771477335048039,0.11037676724131061,0.3798522536820556,0.11032346584405509,0.11170360834900878,0.2646986782553018,0.1713124043373008,0.12960606716705977,-0.12064583376004853,0.2477090140438502,0.12068958800807487,0.13775134049925455,0.10592186293417913,0.14384177303974605,0.2300720408136586,0.07337248881909934,-0.030240824778023815,0.2914182982382751,0.20332123114365055,0.24564052396888178,0.12105676861797375,0.30597868872100537,0.041501786856152204,0.1958811434521317,0.16300960462469014,0.15287335320856155,0.22832985270052059,0.2295189191137601,-0.13721153743582554,0.2928862067563063,0.1188335688698404,0.13478438348324182,0.3637246649680213,0.2649317330801059,0.3414066169787299,1.0,0.08503813840501694,0.26805541054596954,0.0038731479584937114,0.017271068441683822,0.18099647456292764,-0.054980353124873475,0.09235322166749871,0.25751295989973333
117,0.23938763563761142,0.07492433488269082,0.17006501872232122,0.234776956204531,0.1895483748018297,0.16226219504127606,0.377640016455996,0.32069744413691403,0.05953349756761512,0.14673245620145592,-0.03207759543402531,0.3040762328260994,0.35388797209003126,0.3531815869164146,0.07006472298847995,0.2681021596129156,0.37615710993898877,0.2456403214446196,0.18894334032774895,0.18892834020373822,0.06255158666177141,0.18379807627056433,0.13431089280524677,0.3762585474120063,0.2725306278345547,0.2619966120049607,0.48831990395765534,0.39600702388329895,0.2837632510351712,0.22349673063931078,0.3798795652249021,0.35758704187057333,0.3924884119992744,0.07704283713314466,0.29890443004777806,0.30624207483333465,0.3271035519188407,0.3677307065704554,0.32727227915215695,0.07021594569985587,0.15772937516715793,0.10029877045297897,0.31617671507470063,0.2768578284107096,0.2587372327775999,0.30370902102567543,0.06546796505746742,0.40214093249849936,0.2861246661126369,0.0490772018363487,0.08277881368583934,0.18105009557449753,0.4365308002502806,0.3319693301402874,0.4350128248304509,0.19066311895334132,0.18667544006082554,0.22677692072651445,4.7936921575172336e-18,0.11544594568523939,0.43865192159623856,0.012512322885999527,0.25200963231904855,0.4231727495173052,0.32713849637791287,0.0677794047782567,0.33790281153990637,0.2889203397759771,0.2597020731305533,0.15863621372104567,0.21186780211614795,0.0027735614312007027,0.03982073587323855,0.139142930986221,-0.08171886423000274,0.23327865017253663,0.3708231442847477,0.29581638933935456,0.08503813840501694,1.0,0.4316565973941248,-0.03217755702077831,-0.023257376996775624,0.2601697078013079,-0.04081628306901751,0.11477764210413237,0.22060760109644498
118,0.051352697300415674,0.3363479929056231,0.20917732099900355,0.1160189859865564,0.3505039293043938,0.25921686787213727,0.26661702043348495,0.3875164842338527,0.15974579553135465,0.29692701965334045,0.1692479903388159,0.2697243918710764,0.38636254061638237,0.2853619182092612,0.03925168217773977,0.3287813278026098,0.48260944962400065,0.3038118431185807,0.29865324887746325,0.32377303625924714,0.10016168159304698,0.18607892063036346,0.022748264800104816,0.35850446191614177,0.3758072243296146,0.1640656694969861,0.2152148654780612,0.37086070752464906,0.2535817109727062,0.15226002855639462,0.3650362300149157,0.5069504682757418,0.5855281249854686,0.2475265651169591,0.386664330475271,0.38251188590042284,0.2666841769607797,0.44173282967608585,0.3786992321055903,0.36741176553929983,0.48981494789605007,0.1073119485073993,0.30586205734563515,0.36727052760797213,0.37665694811790446,0.34774042102951225,0.0942436297299475,0.25399853938130146,0.2471208252860862,0.3329896690897819,0.21363735651960658,0.3362768418107457,0.34868162809292186,0.37678060869427704,0.3931403637459092,0.3227695251888513,0.15346915484283719,0.25868559050843865,0.18071577247122042,0.3991712028193281,0.2844563245882956,0.09705807308432413,0.35228746284375945,0.4075695890943764,0.2812606338278644,0.10335356815290697,0.34893238199393123,0.23650793650793658,0.4605815896560435,0.20999001828685926,0.2415903584976094,0.10583862734792854,0.28859077281453155,0.16196792092155182,-1.3865858606581799e-17,0.17217129150331395,0.39897569268434346,0.1418595682391683,0.26805541054596954,0.4316565973941248,1.0,-0.0781084760563583,0.21204833190888672,0.3348659768422228,-0.15275877147691388,-0.1430432933663607,0.3132815555368411
119,-0.1486059209000147,-0.19788653095253914,-0.11251769216090712,-0.03513464803750423,0.0937658435888254,0.1121511589640792,-0.3587999210640261,-0.15172673335806347,-0.010394134374075836,-0.16395818062611123,-0.1605483813463979,-0.0625236438111857,-0.212965810689071,-0.03989961880218194,-0.23067590312321845,-0.02567731021329679,0.047076349621766385,0.14522163379379044,-0.053980678375093676,-0.002040344747818805,-0.15862359668749895,0.10120649744173636,-0.039286107368624174,-0.03998651022845294,-0.1277725118954262,-0.13722835556432356,-0.10307220616378399,-0.10556207193396443,0.02930717934098776,-0.14603889214561597,-0.10088771089347777,0.06211847932305613,-0.07899026804811035,-0.21185550559659214,-0.14602896513104932,0.0015803271454611816,0.0035880630665680977,-0.0967612544347024,0.06153480567261507,-0.21169572092751993,0.055076902490549515,-0.07731478028323335,-0.03896629703845569,-0.09413082397912863,-0.1197340112564715,-0.28022737916465323,-0.20574451978353234,-0.15392413350187917,-0.0844767197120127,-0.06854830324877646,-0.029387672193641974,-0.11927104892335615,-0.014290357471872078,-0.13877503157105556,0.10516183186910887,-0.030727803434034376,-0.1401209375908724,-0.1583746887569234,-0.02128526964541947,-0.1848981449573749,-0.021501955711804452,-0.07864432203740337,0.029798227754857413,-0.005757118219666917,-0.04494382022471912,0.01852248895627313,-0.020353980706869758,-0.08315648022156782,-0.108075868388232,-0.13575322638310344,-0.15132536114042297,-0.08135308008553008,0.03951903807967922,-0.10180086163961904,0.025450215409904824,-0.1174505763747261,0.0459467447903419,-0.3220372466576805,0.0038731479584937114,-0.03217755702077831,-0.0781084760563583,1.0,-0.0071756545447145565,-0.15551884282063858,0.018409152360199237,0.2727735118502137,0.09942644796638443
120,-0.18117145553085018,0.12009529218003609,0.09688314709951601,-0.018826594726475323,0.019143928922805475,-0.06907233353734614,0.07444166651040497,0.04455488501735664,0.04420904984644037,-0.10433168538901837,-0.12958630811567065,-0.031048234401759914,0.07941298542744747,0.06469339548587896,0.1779847873846852,-0.11108068554820025,0.07432919252741611,-0.0457032436225788,-0.00791697459795301,0.03460205390477957,0.14675963696555594,-0.034003126002488566,-0.061895552214145506,-0.017271068441683825,0.15228339069292193,0.1123289675239182,0.27826387452163,0.06054727267887777,0.056074071003216354,0.15103285608030018,-0.11564307429279248,0.015813666125281706,0.04320538975172696,0.03381454612656051,0.10439851805267478,-0.20835460330371094,0.15666450282155023,0.030628294010372547,0.05120319535443884,0.2743963145602117,0.14489986568334895,0.01490530188206798,0.22116517794843077,0.020383505309091533,-0.23781746834944362,0.007411417018563969,0.08776261013985069,0.0432206955662585,0.1834607024103927,-0.05642687570488165,0.06667988238027986,0.08764622607414198,0.13269369695108166,-0.1741594426028694,-0.0907031485283466,-0.048748251163678445,0.1577360736928012,-0.032169463876729684,-0.1510912202399419,0.1157705209395459,0.050037231627216745,0.07295848768211269,0.009181722350249522,-0.04650019008807964,0.03227730829518579,-0.16680019077010508,0.021463810929658135,-0.03308518721545854,-0.09962828319530898,-0.07988963690358074,0.21789451846887453,0.12279198987813131,-0.07863036399783406,0.06275191033530864,0.019852729274032917,-0.009404479284146946,0.04657908423141916,-0.13212681925549152,0.017271068441683822,-0.023257376996775624,0.21204833190888672,-0.0071756545447145565,1.0,-0.0007767414951816434,0.023607107082189816,0.05702622939642416,-0.13416251408168647
121,0.5874074969518004,0.520549509780021,0.4818617865323226,0.22561244912034573,0.28874252882015844,0.20148253283681558,0.2061375631646085,0.6086121815498613,0.27918754984777017,0.31316240513684573,0.1340572839151152,0.6814997285600481,0.36643544068673534,0.1709960793526367,0.10489482382249114,0.452448211970173,0.5476527561554682,0.2398638768474973,0.3049449089260814,0.5086135223378475,0.017473294387030755,0.42149674933943904,0.23974096232802092,0.2998236495419021,0.34500405079810303,0.3839254476076681,0.12712639459286287,0.33957899019658827,0.44007124792476354,0.4088445154253123,0.3279784333516376,0.37998046640119143,0.47213363747843234,0.4313469216229339,0.2561152110682818,0.2037925354266311,0.3557543772131175,0.40956793532064406,0.15058595078755632,0.34100298631278086,0.3819193596388156,0.17686038111570043,0.3898195770148029,0.5536461488523183,0.4073789938768496,0.539082074581429,0.4417296267874858,0.36414857030065223,0.045802410853650805,0.4250763490894328,0.45223412830776344,0.14978511614122322,0.46105624517963156,0.1977606326223341,0.41216947474821364,0.34530034903214685,0.07364422874024058,0.4821362400695966,0.30919799602306397,0.4939392743609243,0.20808466635985598,0.468822319080414,0.35984886649208003,0.46469937817083423,0.3941863738820146,0.16118503533540315,-0.00156046312679535,0.27572268886506257,0.48058698829260504,0.4160195994769022,0.43134692162293387,0.20585345524045448,0.19947985198358195,0.37445559492017866,0.00031706654946667357,0.4966267196368801,0.48999029318793197,0.26396183964843567,0.18099647456292764,0.2601697078013079,0.3348659768422228,-0.15551884282063858,-0.0007767414951816434,1.0,0.15383112247779,0.054766748937338725,0.5531230818715063
123,0.13731614866513825,0.3115359799176123,-0.0034031984222057023,0.1076355717352727,0.1246958045003447,-0.021451190555679546,0.11256467877801503,0.06568300251839862,-0.2376290798857024,0.21255104277905826,0.11766626556599222,0.07589096014555292,-0.09951579338457478,-0.25759567143079337,0.09633611346717665,-0.038642407307766115,-0.15827483013496849,0.1390631790210866,-0.11048754600796479,0.14360001329399036,0.06774588809554304,-0.09747695000474711,-0.06611833945788909,-0.11936948441792959,0.2138124843745079,0.3311080391852444,-0.02918641471422609,0.055665611094758795,-0.00894208957647727,-0.01290787301963218,0.19692468707234032,-0.020072004271880044,-0.12382005553710117,-2.779904561190562e-17,0.1414960408131787,-0.04904341050503945,0.1921569218475821,-0.08298946362912642,0.01275193744542795,0.07053235132053844,-0.009516774405794778,0.2867987385897017,-0.06799390895642902,0.12422899427689942,0.1658276346083749,0.16856628619638384,-0.03483488928615282,0.128542080060722,-0.09175541528314572,0.1078454353970485,0.16408399146264702,-0.08295144833101507,-0.043890332341003556,0.13228528605904624,-0.19524517949811931,0.18245742574612045,-0.16123517439926147,0.17037920065086776,-0.03755873143771002,0.04362696141684284,-0.17479023597223778,-0.053835005738880566,0.13585090088712606,-0.043648069175755054,0.07272233868808604,0.2118705666217361,-0.14605545390786953,0.016212900549300257,-0.05482562310536749,-0.11403206878715806,0.1704788870238306,0.031540189078724114,-0.12173858376788073,0.0735670927039072,-0.28917683817076406,0.18423524268519403,0.12220401371601397,0.07511746287542018,-0.054980353124873475,-0.04081628306901751,-0.15275877147691388,0.018409152360199237,0.023607107082189816,0.15383112247779,1.0,0.1419274596043286,-0.10456043342691931
125,0.12345350035824156,-0.22583110660656422,0.14763084213913596,0.1663234335698993,-0.08214086393810778,0.15512120913711855,0.05794034868047569,-0.05163681324143621,-0.002790849148131036,0.08133749624481053,-0.23474117373406042,0.20237037269974256,0.09454602117083724,0.04664273736086824,0.025376593944819805,0.16953064765976208,0.1316702270065757,0.26011933253358177,0.21936476259964038,0.08517158697688905,0.08809868316102026,0.15169041552022527,-0.026085787325875517,-0.044820525174009376,-0.049476287511663414,0.12252789793413599,-0.049039347186487,0.028150088783718333,-0.010932980193665212,-0.07994642885809547,0.06775403725934856,0.0108145250630031,-0.06819204230625524,-0.00820755496392425,-0.0753789754716467,0.10622756660987247,0.06177205312346419,0.037825837700704745,0.02145961373432193,-0.20638569686986866,0.017715947803652616,-0.04662199474292899,0.08873804853845195,0.09538641358901288,-0.12157417595481163,0.053246754041610514,-0.21955317822434098,-0.04526476869410822,-0.03713422677673034,-0.020131942529189397,0.06298120433166289,0.13691448806500806,0.07202613303833384,-0.006286786337940939,0.11259088017137016,0.0063713044467597,-0.1591023750865109,-0.005698424233172808,0.04198496581765152,-0.11119741825294639,0.18954160919105598,-0.01989769282691098,-0.05406368862098854,0.020573845308843867,0.10574976261069344,0.03773173325344009,0.01127516819152899,0.1682126794721599,0.011543280421963061,-0.046313273247660464,-0.13077370909185992,-0.08553640677100824,-0.05347656653571117,-0.03609154516781046,0.24196229061403673,0.12169258968146783,0.18018859845539223,0.06599334537022844,0.09235322166749871,0.11477764210413237,-0.1430432933663607,0.2727735118502137,0.05702622939642416,0.054766748937338725,0.1419274596043286,1.0,0.10702204796380066
126,0.38206282678611975,0.18304937507558497,0.30946309391513616,0.07682591621626943,0.07387099994712984,0.227150284695814,0.03960503887358857,0.3398484178811887,0.27841751744488,0.28919136564733605,0.12144135132485048,0.531448952790108,0.3055985893724637,0.23595825316622518,-0.12538331851530513,0.3062443752425617,0.4903842849271191,0.2778507109671905,0.22664342395170528,0.3035177863324357,0.05086347938813224,0.40616564235254204,0.07111580594015564,0.40165483633936816,0.11363827242846425,0.14614036896808735,0.049301686352444814,0.19665555891801642,0.14619046405712763,0.13638081906507724,0.22251744165356294,0.2674136227829176,0.3574831279882477,0.3474346741472721,0.053058254939038145,0.21845653731615056,0.4573803304836989,0.24713386347211988,0.2817200772298752,0.14845552940652887,0.3424783028123015,-0.07680741351853902,0.1491074442981041,0.25798009589061327,0.2503856079573142,0.3255229773593711,0.23509556116434302,0.10075037403645794,0.1959345781517192,0.48362521110250434,0.3297216858150606,0.1786317996258052,0.32419278039658195,0.22558526421282096,0.3923493595742219,0.22781557750257814,0.052292594957226275,0.16774115737330114,0.264711437768901,0.3586729495103145,0.044742026439517,0.24451242462133274,0.1290118734538162,0.33320439453272166,0.19616569463638003,0.1461852286577859,0.07199514114643259,0.20875086756959307,0.3547349792551225,0.26085447419861585,0.2895288951227268,0.24042646704767454,0.21738241440641046,0.08742709969222102,0.2312944789325847,0.3325444696842324,0.3276620270921667,0.15403744539331005,0.25751295989973333,0.22060760109644498,0.3132815555368411,0.09942644796638443,-0.13416251408168647,0.5531230818715063,-0.10456043342691931,0.10702204796380066,1.0
