,11,12,13,14,16,17,18,19,20,21,22,24,26,29,31,32,35,36,37,38,40,41,42,43,45,46,48,49,50,52,53,54,55,56,57,58,59,61,62,63,64,65,66,67,69,70,72,74,79,80,81,82,83,84,85,86,89,90,91,92,93,94,95,97,99,101,102,103,104,105,106,108,109,110,111,113,114,115,116,117,118,119,120,121,123,125,126
11,1.0,0.18237924723767035,-0.020685415282633606,0.17075372313750997,-0.031319759494341806,-0.20057158116898696,-0.08686715510770775,-0.107572589161095,-0.23892793335660562,-0.08034394904512457,0.05531327905488241,0.27997967876543395,-0.19042912502971304,-0.14600054212746014,0.09307208332198817,0.09686369141787991,-0.1405062650547218,0.10922503262794232,-0.11569675909157075,0.18179971776627468,-0.17847235330347078,-0.03933479595727248,0.07322479530897127,-0.2355354234391872,0.00021111108708666098,0.18186047548260487,-0.1922492890010823,-0.09368548637489223,0.057106394641641946,0.24777426487373266,-0.09490587600306577,-0.1638145057552962,-0.09764021375125229,0.09698560113552662,-0.15794240644885485,0.00751489005859216,-0.0023167853062960597,-0.09532713137679982,-0.1616579630329734,0.10335980026190414,-0.03557536539184703,0.1639430328271354,-0.14748927805318646,-0.0372387061654068,0.042982789235819926,0.23574508928717175,0.10067503382548343,0.038986598689870075,-0.1489611016636933,-0.11217601492619067,-0.1628129231717964,-0.23765678930045803,-0.20976048021471355,-0.28627341307360366,-0.03364476600844017,-0.017708570782123387,-0.19612759958562453,0.19319431854762995,0.29133784716570604,-0.002676264653784807,-0.02361761104146315,0.014404122845469648,-0.1940165153825259,-0.24221397511847906,0.080912766265474,0.33356585433738817,-0.1416934550219942,0.05730809544167923,-0.08016956740360212,0.021776334500418017,0.13439915582922585,-0.09068340914881387,0.06952295566311081,-0.16539753664538245,0.18315835792351953,0.34484173380272437,-0.18841747093377606,0.27202072814099865,0.03467759758457575,-0.0369155751251265,-0.3233448873146628,0.1369796267759053,-0.24512430887006234,0.2742140484120102,0.23728562082396618,0.09370287022854457,0.24045210653682597
12,0.18237924723767035,1.0,0.025422425726598172,-0.13554188218798677,-0.07442528218263089,-0.21377606153409764,-0.1450737657357867,0.2335625361080021,-0.11161775482575308,-0.046503889583527094,0.0893213550435177,-0.052016008778093537,0.012898834747394406,-0.2717674416938577,0.13438286614166892,-0.19937438909983043,-0.07553190307509403,-0.12432828399855676,-0.1821769418510168,0.1686928118550427,0.12634795769748186,-0.3062043517547063,0.28352193881345295,-0.11425279953222589,0.0034955603491273004,0.0006734473780652598,-0.07512696158195446,-0.21745157869104012,-0.13086370588046486,-0.05654070152713238,-0.11534180636432807,-0.14071254852429935,-0.1322594273968429,0.11435031921671508,-0.14022575195060258,-0.08937736613265491,0.15197517674332786,-0.18524854611148714,-0.2663136928815304,0.011137546831698507,0.2602735332939786,0.3114846219048938,-0.16675316865465428,0.116040444040375,0.10168956988111716,0.15964206948935178,0.3016085875570449,-0.0357330673419311,0.08741881741299647,-0.05108806903317706,-0.2075175948193366,-0.333013667966855,-0.19695756094068884,-0.14670814871985358,-0.10798468750679169,0.020989503684710448,-0.13265430473587878,0.1516413098791208,0.2831649974838254,0.2001057907695484,-0.3304135208365252,-0.0790917250195238,-0.14544045394255467,-0.13821293587119554,-0.07882533838310601,0.018710468550466642,0.06888822724219398,0.061609148742947144,-0.040176981677788236,0.025074978564338386,0.21004128097576114,0.1748851114850289,0.1879886583381546,-0.03595250016155041,-0.15381983363388338,0.12516755169832305,-0.2551762074293589,0.06695530792835373,0.21196829431285363,-0.1809681276981512,0.13389500652761793,0.1551895689207074,0.1424512199579944,0.21807497573327053,0.41447329006366823,-0.21648699459241263,0.07729250502175543
13,-0.020685415282633606,0.025422425726598172,1.0,-0.05325839861343294,-0.20134974342142142,-0.12101699905732353,0.018049170122952336,0.2631992692350531,0.03656262399176757,0.06933555344996326,-0.18836051807719797,0.06628178598762784,0.08670941155107094,0.27895053430682437,-0.26402214612271324,-0.11470995047332669,0.025931958501775664,-0.15013682118508842,0.02000224625645645,0.39225436014315884,-0.012551038503070744,-0.06054929104243078,0.00975851738814318,0.16811611086041953,-0.09366660564381506,0.0951763640752495,-0.020964202739940294,0.08794332503320397,-0.14077795605730234,-0.06883147506909572,-0.20401952221491138,-0.06881348091257651,-0.09160116295056962,0.1639292649184609,-0.09738675744317943,-0.11228462924601668,0.11049748300497492,0.11236163307974575,-0.24269887623603037,-0.28690192310754087,0.07105644876870765,-0.224883874585596,0.1480948580391631,0.06228870803959122,-0.20687239167294094,-0.06829288452347647,0.02770113790498442,0.15932247178959982,-0.01990956002256556,-0.15655634438561492,0.17575377265321862,-0.18613252204695946,-0.007447516670306151,-0.024104873254383694,-0.05258780806146023,-0.025864643022788483,0.20876215516237362,-0.07642873427439438,-0.08608192102691482,0.10483542209756012,-0.16850594070104624,0.29862303915319616,-0.270680523500818,0.1594741179184949,-0.1144216441991164,-0.31105300688760557,-0.15515700457136675,-0.1489079420243053,0.19636925448492387,0.22597834037177877,0.04017025525230234,0.11088307386549648,0.012240370502180447,0.33579832048997826,-0.039911817870497725,0.15505898769375764,0.1943575077961346,-0.0018130399232247976,0.10212487488164404,-0.15676812519186298,-0.18417070673934163,-0.16740161872991424,1.8866543000084182e-05,0.17894342624163956,-0.11290541113368341,0.018313766679126965,-0.053630398862703293
14,0.17075372313750997,-0.13554188218798677,-0.05325839861343294,1.0,0.07745258590876687,0.2625703943808723,0.16142008601503982,-0.09289278310466442,-0.3897592443486239,-0.09492921877620618,0.13707832245191734,0.03227746930056751,-0.21025251511146048,-0.12200993185948844,-0.07524200169192045,0.041455712812433675,-0.14885092268906516,-0.03325400710469547,0.20821141414716543,-0.0002536189893639479,0.22421098685015878,-0.1717652076919739,-0.0024549462124516474,0.02633792912745847,-0.10557087743548553,-0.10226460443721372,0.08266823970042556,-0.04669033205783351,-0.0037280698496567058,-0.046399578708472444,-0.0019724875506872885,-0.08736500421379953,0.01645772931393217,-0.1695362182927617,0.0688664353622914,-0.07577025197709436,-0.20086082151787604,-0.10748320127939823,-0.21688648573838473,-0.19304874791454896,-0.03847587117088801,0.15763821612098072,0.02584320698176881,-0.17434888044738994,-0.04131365115173009,-0.002466470417835562,-0.10525489693171684,0.019010062842803047,-0.0315356929347729,-0.33219872343962153,-0.06741262148111973,0.22033601061424235,-0.12594877213500089,-0.028628067466554694,0.17889375038756444,-0.02919126301380866,-0.03195919057057678,0.002079923989736901,0.2183007692246945,0.04800853418804221,0.2634485358633547,-0.05158135722279693,-0.015779338170092957,-0.12890798638155618,0.4769596346406889,0.04527628284748201,-0.03791561330359549,0.2433037553395353,-0.17003791923471598,-0.19346694911924395,-0.10956869816922654,0.10939017185638028,-0.0863015905267258,-0.06575861118361342,0.23501617979552847,-0.08589129837433485,-0.13373428310143617,0.19762814126308836,-0.04246167188146652,0.019222582244713873,-0.29930121542128857,0.1720093543846299,-0.09125694392833106,-0.1710032940551354,0.18441073359721497,0.23225354397635292,-0.03111069956568156
16,-0.031319759494341806,-0.07442528218263089,-0.20134974342142142,0.07745258590876687,1.0,-0.09110542053700957,0.0936088927928305,-0.17707758638093068,0.010192141437319821,0.15723446420631576,0.1911270842005107,-0.05926335700917709,0.1361383632645673,-0.19178462978625893,-0.1940076249114447,0.09045914571760287,-0.05446951558204008,-0.14913105294395168,0.10919309911785445,-0.038466786324852134,-0.13828173901737137,-0.018763512251385468,-0.27868891483836833,0.08642346624443137,0.0011454663774948218,0.1738959949786191,-0.15459843413931548,0.04150075153373185,0.29336289269106924,0.08794251417085716,0.08680786401039493,-0.013906501557640196,-0.05798033544618145,-0.1460946268668606,0.2532213354077321,-0.03545468164801438,-0.22189469758944647,0.12151482322396277,0.01106686934088344,-0.06286258640062775,0.0993478167406514,2.8665898322165133e-05,0.18885546278499338,-0.03938984616445087,0.14705248523042258,-0.107185918050991,-0.09940867233962443,0.028053974476009786,-0.24286594297623046,0.031163735717603867,0.16993337997367572,-0.10669754285580796,-0.07575568354554696,0.06128544676721552,-0.09939279914278272,0.14362178882737697,-0.03141649127234299,0.06232556035892877,0.1026228984375313,-0.10592416609868069,0.2917085753464071,-0.1524165540559186,0.3395755737370363,0.07511476113524548,0.16091253765839486,0.015788620429187175,0.005553595083779446,0.12667360288974522,-0.20735480093765968,-0.13050782557097626,0.17493799067362176,-0.29085175547144626,-0.05012186530484731,0.1925882656704172,0.06793162881255457,-0.06746778335785607,-0.04062162045857589,-0.01943711755175814,0.051295734349977744,-0.12650052624495833,-0.05233059831747943,0.08990582895672684,-0.08660140720372075,-0.1374963500899643,0.0739116992565175,-0.19047336745310756,-0.2670786989754896
17,-0.20057158116898696,-0.21377606153409764,-0.12101699905732353,0.2625703943808723,-0.09110542053700957,1.0,0.014170206916805053,-0.11881847020932329,-0.12406299856674066,-0.14492866055292744,-0.14660574787943223,-0.10520315333380822,-0.0310533762046607,-0.050560425085976614,-0.01152823362702391,0.1396521917285164,0.10671932165201897,0.1289913651496246,0.09082791117820094,-0.14437499686168306,0.12944052935514913,0.15325887914202774,0.07127593092044687,0.22182559608866192,0.060901394691789894,-0.08374809052241237,0.01774848365495655,-0.12707904337680237,0.016925684743101133,-0.1034232943041103,0.09220329078186405,0.14176292597741574,-0.08840381468692973,-0.05164759258546422,0.05755294883086926,0.30287771858595924,-0.11002251405112111,-0.1603390142256938,0.15397310327142028,0.0361643148179194,-0.18913181732822718,-0.035390711442280794,0.05454425657603249,-0.19923908532847553,0.015332237515578554,-0.2268870937766165,-0.3357093914950246,0.03209567455430448,0.32610930332646393,-0.04101587615976933,0.01000785369604196,0.3026999727712926,-0.13345582427260272,0.025326063301638394,-0.08904953203338317,-0.1852619663459982,-0.08393541630066799,-0.2343062325784332,0.014912001227722453,-0.06777937187017984,0.047029713810248445,-0.3138687714959924,-0.014471895658365501,0.09892265134534092,0.02911250552370487,0.08507591047627173,0.19979785818178758,0.2871844678060609,-0.0206286584636657,-0.14550708948886698,-0.33729449076477275,-0.13060696418690426,0.08354195019174009,-0.2634688068241797,0.12642265835179584,-0.06363882558603594,0.07351548377156342,-0.17578756191935285,-0.20797486486703118,-0.06724029020448415,0.06334855781094384,0.1402838593956356,-0.11272871893009342,-0.09268589392882269,-0.017113029316558413,0.16752496536196193,0.112098119995109
18,-0.08686715510770775,-0.1450737657357867,0.018049170122952336,0.16142008601503982,0.0936088927928305,0.014170206916805053,1.0,-0.30602892403802306,0.03630516924778693,0.31762330187311216,-0.023774448349235894,-0.19168472267086287,0.0368186525640794,0.020033642074845006,0.04574848579825355,-0.20449574270001247,-0.2454921385829726,-0.1811615073344314,-0.14667265683707248,-0.1491218615539273,0.2521364224005875,-0.19845054794591171,-0.10058392486735941,0.24524923353628622,0.13585152494797584,0.10444178835817262,0.06481201871960289,0.2509904023041675,0.019205911284603583,-0.2034461547684137,0.013103843468370624,-0.1630253066808759,-0.21732628743171903,-0.19109090179902033,0.24470102261040355,-0.3352280021734874,0.07598488870374732,0.16435776529616153,0.1304936780208731,-0.0003478662882669351,-0.13920779945194853,-0.11719923499190149,0.25549303502240606,-0.08253362171077332,0.20466962689435292,-0.1258273856559349,-0.12362157216604219,0.010870944195345088,0.2946851583995701,-0.007336419020449057,0.2339969753059269,0.2162716273123112,-0.1536247054745938,0.055056796400965946,-0.18898285079478197,0.07891418171567065,0.045257011244022614,-0.14843300263054268,0.05344430904365445,0.0320918859582186,0.11257077208025129,-0.1760751137391247,-0.11693480435352373,-0.031722857924814246,0.13026268802672067,-0.022869646486111877,0.2020858144827606,0.16596873097553877,-0.061123982873421315,0.11846063289341077,0.10562698657423272,0.12098308367583664,0.042388935272081936,0.17856101615540998,0.10538678979945901,-0.29870462080001886,-0.18386672470120213,0.0921985056060001,-0.13217113636341485,0.048642951035465544,-0.14686152294035687,-0.15049780034352292,-0.00038570792305507503,-0.2909946647308933,0.07433098549133808,0.0023732248429628,-0.26801287474979346
19,-0.107572589161095,0.2335625361080021,0.2631992692350531,-0.09289278310466442,-0.17707758638093068,-0.11881847020932329,-0.30602892403802306,1.0,-0.03369586968221276,-0.11843265826192965,-0.10661874717896085,0.06855408243116069,-0.06949309698311519,0.11549920738166543,-0.10398383735712466,-0.054615631005259624,0.18275165678351546,0.01164396264316224,0.24448336930446957,0.17645865802747623,0.06623608342107798,-0.05596738094963469,0.20375297739046463,0.06574870981193445,0.011894703919802935,-0.1279098520160318,0.13038326684654464,-0.04150953618435432,-0.08580557230363538,-0.017696530495450568,-0.05146390380149796,0.05697247322080425,0.18270156984115615,0.10896367824288157,-0.09665717805445125,0.02840052165134767,0.13809167458571212,-0.005492931901114619,-0.15920359442670548,-0.1375365512347496,0.08593821902183668,0.07421938929726156,-0.08390783221522052,0.22986821541086974,0.08556734841323897,-0.10938328651510162,0.13343337023695973,-0.07492718588602194,-0.21457010836513882,-0.21506177584693428,-0.17208688089054797,-0.2018423974445383,0.043102312963380685,0.26850591993383877,0.2832418988006488,-0.061834804363046114,0.23275851546611112,0.02672153008103798,-0.22657649574356065,0.27864186558182963,-0.45461167671770575,0.16774202563016438,-0.12597558523530747,0.0006997536387990458,-0.19908005708463503,-0.25789129093446167,-0.36698731636378645,-0.11904082486884544,0.1661870284169008,0.12073381787346954,-0.07330183870067906,0.2093081684442726,-0.26329869840867576,-0.0034299604640856776,-0.3767516132977066,0.11565885403553759,0.10758177942377505,-0.03073409485300009,-0.15125863790389502,0.06685501590509296,0.07481128117034394,-0.26879374355368146,-0.11595520850106665,0.3990125432045936,-0.06639920125119898,-0.24673177549961595,-0.019350532665343208
20,-0.23892793335660562,-0.11161775482575308,0.03656262399176757,-0.3897592443486239,0.010192141437319821,-0.12406299856674066,0.03630516924778693,-0.03369586968221276,1.0,0.14387818858965012,-0.0603375368424223,0.02641457321779643,0.08053942688000279,-0.029674368867732177,0.1710233275012521,-0.3114472371139274,0.08699998264883611,0.099541683728546,0.10757044860075149,-0.11350731570603713,0.07583270946242972,0.1682871452048319,-0.010688400070419582,-0.0365809081561579,0.03049707807986357,0.07132268741403401,-0.0352461309705377,-0.05241764187945447,0.12206599175219822,-0.16603145693804916,-0.13595544186893413,-0.02223334758699875,-0.015120556233133681,-0.2015860387673072,-0.11174670386936426,-0.09059116051022384,0.05294446494619009,0.14616869006515715,0.02726948516167424,0.05281277853027928,0.008448454840536485,-0.04075567413218604,-0.06339180347040801,0.2559577420876375,-0.05460288495148788,-0.29001708527240566,0.179757630215225,-0.07047216821446531,-0.11119091628100572,0.13845376338246146,0.18842711535071385,0.24958043129687438,-0.021312106051952037,0.14560713273011638,-0.04971201680635814,0.17808189113183737,0.05248502896997266,0.04165406869447245,0.022096821813638978,-0.07258515586596484,-0.17253637598595048,0.2726987014637133,0.2620759050391295,0.02477572653139885,-0.1859906548543267,-0.015263339613534366,-0.0971161976439154,-0.22596235246419483,0.13815377311213412,0.11175282277012602,0.04567468587012721,0.14196819571189098,-0.07722625787391758,0.27160838236603874,-0.03544384282652629,-0.28207081024907066,0.05920989122615187,-0.17060697769674088,-0.09983895248437713,-0.19122851727593648,-0.08535102305842104,-0.024072257293940778,0.025871960031811914,-0.08775310943189507,-0.2701838254483537,-0.09180909980349161,-0.0011058095228598218
21,-0.08034394904512457,-0.046503889583527094,0.06933555344996326,-0.09492921877620618,0.15723446420631576,-0.14492866055292744,0.31762330187311216,-0.11843265826192965,0.14387818858965012,1.0,0.17344361446050738,-0.11489877931559148,-0.10904681783098738,-0.08031600676485073,0.07443355527881837,-0.02498776573341913,-0.13933935805470615,-0.1780538195119841,0.005208066731578065,0.16242980782906802,-0.02512147680237978,-0.2861682693821235,-0.2289215200837935,-0.011869958275005659,0.2070543777989046,0.30013128806502193,-0.04682229971054533,0.22781231273812558,-0.24894730955712363,-0.3084740500954392,0.08698091328134618,-0.04906018949783681,-0.11170147554269441,-0.1641343356008989,0.4149364371268915,-0.21938332794660206,-0.10301799856448654,0.1346150957070586,0.01287153817484466,-0.13912278503665199,-0.020810639919089623,-0.29330187535915364,0.09411214896957022,0.29701796473446784,0.19400164040297166,0.14359748497693905,0.05032244700078233,0.03474597275509623,-0.05684194249818049,0.11796467212450022,0.34380216792988577,0.07450883636644991,-0.1453788163892764,0.05628072924779725,-0.03969619802999948,0.12856676093466568,-0.11027426374535651,0.11725809856607328,0.09588096425420944,0.13420274868320087,-0.089143965674595,-0.017055415831106698,0.03347800143673623,-0.13899992755494142,0.11933195409779068,-0.18671294181272668,-0.14698415631303186,0.06351391550614112,0.07774616987460083,0.24497946882974003,0.18345339674086714,0.06388718868447843,0.10638500193123078,0.3927376468331033,-0.16758029989389536,-0.11194271869149813,0.02883141008912399,-0.09713189229603861,0.013460537551597563,-0.21026567799668247,-0.10609518688812485,-0.22392175946790843,-0.21713216020055012,-0.12148418622051542,-0.0035822485586024344,-0.013982684091404516,-0.06641320511265945
22,0.05531327905488241,0.0893213550435177,-0.18836051807719797,0.13707832245191734,0.1911270842005107,-0.14660574787943223,-0.023774448349235894,-0.10661874717896085,-0.0603375368424223,0.17344361446050738,1.0,-0.06394443135076715,-0.21800250342046187,-0.1510720131726096,0.10600733998788694,0.21386100317708895,0.022211212353294204,-0.18759815253135267,-0.030820158063918537,-0.04880785777114543,-0.11022982525691674,-0.16469394338231494,0.01957600459801163,-0.18448337483957833,0.032096849483246315,0.07347396314305826,0.010824898171234549,-0.15522474002687375,-0.0353632641346294,-0.027291906509706004,0.07551168433294235,-0.24320462248076025,-0.11900653525853967,0.003486099381734095,-0.02012245679500729,0.01796267159086095,-0.23782278796378314,-0.14198277057273465,-0.14257787885724485,0.08523283916024765,0.01223694573834973,0.14882692588794869,-0.2736698069317064,-0.1933077603738547,0.10388207135599936,-0.03111937244239493,0.08687723063344846,-0.07794900996019402,0.007828189615765691,0.14599583491404067,0.017123640245194603,-0.06156055334561411,-0.1704230842261159,0.14850183673216102,-0.0648474228862423,0.10188221030197092,0.10149835032804501,0.34688400941551467,0.20912424622375297,0.09749960457683204,-0.12131383217881955,0.101920828864763,0.10987911654708439,-0.22581442755825065,0.18682089120138756,0.2888644604706596,0.004589513912203564,0.07721791310182612,-0.1385732231330467,-0.0062905337717471255,-0.08358448000823449,0.013595334471497076,0.12279115875584364,0.04589707291955534,0.13546142706017864,-0.00587923708556832,-0.2523488412233615,0.030789313044058315,0.0492554471842806,-0.2252868880232474,-0.003448739204137138,0.11160868956269891,-0.07921583601473933,-0.1738897396234365,0.16545776210070912,-0.14928947827023803,0.07765296221729956
24,0.27997967876543395,-0.052016008778093537,0.06628178598762784,0.03227746930056751,-0.05926335700917709,-0.10520315333380822,-0.19168472267086287,0.06855408243116069,0.02641457321779643,-0.11489877931559148,-0.06394443135076715,1.0,0.006072492140625754,-0.18603563881528973,-0.11895990150023542,-0.01735824832185482,0.05888603866711396,0.20904239670099506,-0.05083812834874998,0.19965746847661184,-0.06897943153566821,-0.007208995400847914,-0.030844025809146452,-0.22861102593129362,-0.2969333442728883,-0.10700183330644765,-0.18555171025476475,-0.08644367837851691,-0.08869065091972403,-0.052254257460945266,-0.16491140906487387,0.15746678462263095,0.0507053840971127,0.13050464586084412,-0.21696367029172564,0.000436115620190403,0.028630409218140234,-0.07931904953229672,-0.04256414372435991,-0.11741046397587329,-0.16138961730955056,0.007560032239029253,-0.160567177662203,0.21851569923136216,-0.10284431353011458,0.13596088607873238,-0.09923348383360676,-0.1526108284792906,-0.005212396542680871,0.17093477140306243,0.10870715778429169,0.03618702571416923,-0.11358042695568937,0.003686846584042264,0.22050166284703765,0.10634632334465487,-0.1765988850732171,-0.08644462087966887,-0.12730110736959546,-0.008800094876933272,0.07474813341191368,0.052684695966974816,-0.06322880706859066,0.12655601440183473,0.07149831860520367,-0.021180431545500495,0.09902351533321735,-0.16826785341914524,0.06456001307369615,-0.002830458949177466,0.06761557145774665,-0.18687492831769742,-0.14819778559437957,-0.2069246514100426,-0.04109415966668777,0.007530315180829275,-0.08830178447156084,0.08298666078705655,0.038022491039762824,0.04292749754458809,-0.19302647130954206,-0.13450271272910472,-0.1836964820766789,0.43539658135386233,-0.009608267531371019,0.1609461173530749,0.22346532092769086
26,-0.19042912502971304,0.012898834747394406,0.08670941155107094,-0.21025251511146048,0.1361383632645673,-0.0310533762046607,0.0368186525640794,-0.06949309698311519,0.08053942688000279,-0.10904681783098738,-0.21800250342046187,0.006072492140625754,1.0,0.027627295971972412,-0.011304414038396179,-0.0974450184516335,-0.03703750760038133,-0.18114520887384802,0.013278647196198194,0.002029810066078006,-0.22021788510756649,0.058830481462364165,-0.24695739774592074,-0.025227763514540934,0.004896831921502782,0.03588226469095228,-0.15961492659930318,-0.061929028231854456,0.15125018228603074,0.054474064270075055,-0.004834861598610748,-0.2416650295079657,0.14688396475740845,0.1265149791098137,-0.15544318522205566,0.10540694571147488,0.1064807339902661,0.05686055354646795,-0.12488515703774629,-0.021115504911839042,-0.11009405779319216,-0.0987401168464872,0.25434099008663114,-0.005834466665473458,-0.16931619600215128,0.07437193260381413,0.024221986674239377,0.06714972181990055,0.14576367453038283,0.044229902913519664,-0.17250982467248976,0.02443185602370138,0.08312806815264545,0.023740575355611682,-0.022191242789412403,-0.12096339091307218,0.07153302932155615,-0.12089031387576453,-0.17267760532964999,-0.13795846135884837,0.09287735581449395,-0.032830225175062226,0.007820326743899325,0.18728923558238372,-0.029817274608358767,-0.3010353782294544,0.2158107779040616,0.033191182295272244,-0.06064947338193154,-0.08798027879347459,0.012541945954836412,-0.17100347115101971,-0.03125826459909078,-0.01148335882905304,-0.05031830110227352,0.049542982351050535,-0.11334375969055399,0.10899952838029789,0.37096992539608026,0.161234103558235,0.1404329515928726,-0.26029493591810504,0.038274398745936605,0.0924628813685555,-0.14087962282360586,-0.04365666302820162,0.021735292059444435
29,-0.14600054212746014,-0.2717674416938577,0.27895053430682437,-0.12200993185948844,-0.19178462978625893,-0.050560425085976614,0.020033642074845006,0.11549920738166543,-0.029674368867732177,-0.08031600676485073,-0.1510720131726096,-0.18603563881528973,0.027627295971972412,1.0,-0.19020073968016526,-0.10505184404610322,0.10158167680601551,-0.13139626954754827,0.0014735171624756468,0.027443797823254252,-0.02560810971466766,0.1781295110487489,-0.05723894217770886,0.26261705019939935,-0.08353861051954414,-0.02330589695525871,0.09864289163850622,0.19730441967177192,-0.14600937633595695,0.12622129061599802,-0.0021080664470974025,-0.008519965480569078,0.2603730367769404,0.21637172622054424,0.21554851752289708,-0.030726064564864826,-0.009132462536401802,0.25616291114497924,0.2816287439731205,-0.14397378093562477,-0.13899101488150822,-0.1813464548253404,0.21523718374358353,-0.209591976152294,-0.1881512428077032,-0.26331111146177866,0.035252190889166445,0.09936265463283685,0.1477940320477615,-0.07669747473606428,0.030735596364172953,-0.035144105987243476,-0.08046704995637323,0.20301542970619205,0.13890892154660228,-0.19464627192188683,0.16672266103511882,-0.3314332717264422,-0.21552273449916692,0.23391332156850297,0.04014479399845583,0.06408451404993652,-0.24481409479362126,-0.03231582225682907,-0.22884830943767964,-0.2554861517727244,0.11933423379248487,-0.15739824417083523,-0.03215026628929519,0.12209017497855972,-0.183392390902991,0.1931153550382574,-0.20781253630090116,0.2143474097091944,0.0423782333150545,-0.08455815214824026,-0.039696232583919654,-0.14962113588180403,-0.16292775604102544,0.11410248017460085,0.025866788268549525,-0.06145994195975426,0.03147449433398803,-0.13698615885017387,-0.23470780307881703,-0.018765122233516528,-0.008027932982298092
31,0.09307208332198817,0.13438286614166892,-0.26402214612271324,-0.07524200169192045,-0.1940076249114447,-0.01152823362702391,0.04574848579825355,-0.10398383735712466,0.1710233275012521,0.07443355527881837,0.10600733998788694,-0.11895990150023542,-0.011304414038396179,-0.19020073968016526,1.0,-0.0658243918614789,-0.19273228091159947,-0.1860061950139691,0.05383594728083056,-0.03522720916992644,-0.12304215796312154,-0.03449667917267812,-0.04367733053473975,-0.24535054925531352,0.18039854457736035,0.17543118235269572,0.032946928067342465,0.004237374440259612,0.14868107732843686,0.12222470199350532,0.021283441108276253,-0.12885927563718322,-0.171306527324486,-0.18783719139938973,-0.07001974865783955,0.14806103666038722,0.1568724541180687,-0.09051362767481881,-0.04531841576446253,0.2017340411225741,0.004367440706194323,0.19187723881747218,0.06464128325607231,0.22743025982902562,0.039023296795034364,0.12487508573701632,0.19331759339555724,-0.026882459059623026,-0.08693353422855223,-0.22140175753946822,-0.30960590721625825,0.026886271693446335,-0.01141254516163153,-0.11335423400900978,-0.18940282850950282,0.15923208120103247,0.06981371306151976,0.34366274691346327,0.14563423095870448,-0.33814103567833004,-0.2004290211357803,0.14470339013103467,0.09532357338266573,-0.2513330587817683,0.030782481073233173,0.2597827465219236,-0.1429767438389775,0.1591829343944532,-0.01545110771433557,0.17877187097412972,-0.05449813267051486,-0.09404552788395537,0.08360491050736626,0.01576646249842372,-0.2835916900780851,0.0052085740949936125,-0.10315589573042036,0.0054502441901910685,0.04544528284942583,-0.09342869329246421,-0.0824845224143966,-0.043326883358232204,0.23397693353571988,-0.17228473445751885,0.15039477565070325,-0.0358577263605444,-0.20477479661150266
32,0.09686369141787991,-0.19937438909983043,-0.11470995047332669,0.041455712812433675,0.09045914571760287,0.1396521917285164,-0.20449574270001247,-0.054615631005259624,-0.3114472371139274,-0.02498776573341913,0.21386100317708895,-0.01735824832185482,-0.0974450184516335,-0.10505184404610322,-0.0658243918614789,1.0,0.017286194632664998,0.19305945139474034,0.17667236979662704,-0.102908252286399,-0.24675532421686916,0.1529408756927356,0.08604663390028576,-0.12360807743681791,-0.006941145960585155,0.01056557306601007,-0.04531698603630347,0.09698623909708527,0.0793625765821314,0.22579358015661932,0.1346867235030337,-0.06477411692651731,-0.13712050026217956,0.16459567053570348,-0.0838958553137997,0.10783705726923493,-0.4470598089320768,-0.04049477024015319,-0.14171438901110872,0.03272782971209195,0.06727743563977188,-0.09799144057138205,0.018589580378246914,-0.1623727200782807,-0.05332304028386616,0.21826081024035685,-0.09614395916898362,-0.17054240179304672,-0.13995696173785782,0.06534123972168401,-0.07521554848575203,0.08582291082984639,0.16544836530253354,-0.051936607682624945,-0.025663645498902335,-0.16386261952389997,-0.13571153385577328,0.32334017194342607,0.1336908281913085,-0.16044787459718887,0.1354324670889931,-0.11854417479296218,-0.062138859884005145,0.02005049449692805,0.2081824605311898,0.27077658946495203,-0.14149724503618047,0.11692508888252622,-0.04933632149770466,0.14271277602503776,-0.2968343819299281,-0.3731442220168963,0.19779901798381985,-0.12383674593129976,0.08831911099720216,0.15808545201683313,0.08733056610571763,0.0023206152294133085,0.11749835739436254,-0.015841610878556414,0.020364938595876802,-0.012309040368068944,-0.16890011731063598,0.11475139247845832,-0.20475897871355211,0.13948816476933562,0.02289779045662357
35,-0.1405062650547218,-0.07553190307509403,0.025931958501775664,-0.14885092268906516,-0.05446951558204008,0.10671932165201897,-0.2454921385829726,0.18275165678351546,0.08699998264883611,-0.13933935805470615,0.022211212353294204,0.05888603866711396,-0.03703750760038133,0.10158167680601551,-0.19273228091159947,0.017286194632664998,1.0,0.007207738453189762,0.11816441943797489,0.08397400818330814,-0.10293356029809693,0.1900382658623108,0.02658274118434123,0.1592478719131936,-0.203430142186308,-0.13857035512207522,0.3320170964370112,-0.13773813688392625,0.025607714587760053,-0.22243433295114007,0.006755755862657978,0.29413378442699756,0.0445591565848243,-0.02403777347364231,-0.0907075814032235,-0.052960785885955944,0.06821751991303668,0.04080884106360152,-0.01616236155727631,-0.18532907511379437,0.26133367139212543,-0.17725021130303317,-0.05888408993641837,-0.1240894575370128,-0.10183283846145347,-0.173085737832025,-0.05911616126987622,0.008541422326528941,-0.17429752831201428,-0.18551547694319873,0.03711191518689461,0.0835631205842812,0.3384208754592129,0.08410478046292219,-0.014022193032521021,0.08452040600071235,-0.14678848515291418,-0.060180019716588005,-0.16054114186817134,0.1585735617003299,-0.014670275913671444,-0.05350591037922438,-0.006661339944939499,0.17711153944144942,-0.02817426556066026,-0.12127469465959238,-0.22346396442456445,0.07701014090212814,0.10192548772452216,-0.0016077094153958639,0.13020039718882323,-0.17139362112718906,-0.08918746992295166,-0.07456607535262612,-0.15512291695494254,-0.11635124375559637,0.40768529472922904,-0.02875540153753396,-0.12302102582612848,0.0979044305407043,0.1968446301147614,-0.13569075264297234,-0.1129623637197682,0.231411882065946,-0.3214804286675114,-0.044869093337208545,0.1450938891410342
36,0.10922503262794232,-0.12432828399855676,-0.15013682118508842,-0.03325400710469547,-0.14913105294395168,0.1289913651496246,-0.1811615073344314,0.01164396264316224,0.099541683728546,-0.1780538195119841,-0.18759815253135267,0.20904239670099506,-0.18114520887384802,-0.13139626954754827,-0.1860061950139691,0.19305945139474034,0.007207738453189762,1.0,0.0687881283970448,-0.09212990187865676,0.034082061511276844,0.1155990597023169,0.04488423911506871,-0.0024135083223352284,0.03512304716455673,-0.07860247194243261,-0.07977706790336692,0.08886437723475771,-0.05454798004684973,0.07858664661691189,0.18647290306334519,0.18980439659537793,-0.011845812696222483,-0.016858953718189486,-0.1413204926695589,0.00741846528000914,-0.06370419254262695,-0.07367642141892211,0.20298266179818938,0.13627981142522594,0.10607454428006473,0.14862596527516875,-0.2239384315472359,-0.027198338336402103,-0.16096734696169301,-0.14056941064484002,-0.2164158962030689,-0.0529881498168681,-0.060683851089874695,0.11905481474691766,-0.013134126245351587,0.2654848882941586,-0.16908614096589242,0.11520035733240361,0.008112130504715933,0.02943528364139235,-0.08455884735144507,-0.16113400545386733,-0.15984503089690674,-0.0792856271530229,-0.1397775758883994,-0.35313553013831805,0.011039679003719981,-0.09474238177812075,-0.03396164863077373,0.17963494065086003,-0.019877258056864005,-0.07317595234739009,-0.011093202397501289,-0.20410684494801604,-0.20901974553067854,-0.1391179210558557,-0.18697296883521092,-0.402345665730351,0.08576029002959815,0.03430549775662147,0.09144893869464008,0.04785916408185772,-0.123702315487143,0.09139449992105476,0.07333271485387498,0.07685631412384791,-0.1349614545584861,-0.004020385194832325,0.038292565437006446,0.17632365483008156,0.06158859883085751
37,-0.11569675909157075,-0.1821769418510168,0.02000224625645645,0.20821141414716543,0.10919309911785445,0.09082791117820094,-0.14667265683707248,0.24448336930446957,0.10757044860075149,0.005208066731578065,-0.030820158063918537,-0.05083812834874998,0.013278647196198194,0.0014735171624756468,0.05383594728083056,0.17667236979662704,0.11816441943797489,0.0687881283970448,1.0,-0.10262238739906465,-0.0017809188379791193,0.0661283268519732,-0.12879427573109137,0.05961650556173983,-0.2771386296850058,-0.07139809924495195,-0.08071467520596826,0.05744781670668271,0.2577847784359115,0.05876722533440586,0.10109668821405236,0.13207893532209597,0.11407160342062546,-0.28725300646042345,0.015241848152248626,0.2460900874664686,-0.14108145930404256,0.01347545478049712,-0.09871451101451034,-0.176289654655627,-0.08996852435904004,-0.16562458526807963,0.21987183786680697,0.07400865415379962,-0.15903677518829917,0.06712295509154573,0.05078183119879654,-0.040068949032468194,-0.35193791484933934,-0.1783287985132904,-0.060103397705209186,0.1969803591799852,-0.017863856624746263,0.16478065080035206,0.18927514444973711,0.004650154090336132,0.015037572374170603,0.21007812312945304,-0.04663466161469126,-0.061441804048345476,0.010853377898677147,-0.06575311792157962,0.1725345306198624,0.04873739186162073,0.10789299435432101,-0.08002138011703484,-0.2944728324371651,0.1541445613758404,0.06212001577472481,0.13557839737443506,-0.18425471318066922,-0.06805141470266202,-0.2855750712728886,-0.04796412381107233,-0.008860392432236337,-0.13715122289495713,0.2957397033355689,0.00013335923064368763,-0.020768180824275874,-0.15135020877546929,-0.12134356208145032,-0.17054960196713218,-0.0942830956959411,-0.10464036171360958,-0.2652800002475061,0.09479661616325036,-0.18238196809775215
38,0.18179971776627468,0.1686928118550427,0.39225436014315884,-0.0002536189893639479,-0.038466786324852134,-0.14437499686168306,-0.1491218615539273,0.17645865802747623,-0.11350731570603713,0.16242980782906802,-0.04880785777114543,0.19965746847661184,0.002029810066078006,0.027443797823254252,-0.03522720916992644,-0.102908252286399,0.08397400818330814,-0.09212990187865676,-0.10262238739906465,1.0,-0.3605716123446705,-0.24397054794655065,0.06003547144974412,-0.132479076299171,0.14056196321065556,-0.0227553777338028,-0.06477380527114884,0.07654877942972636,-0.12560139570428638,-0.17344789298762156,0.07255501047126496,0.0815138197081568,0.1306047690654495,0.11274244766692725,0.08264789030553336,-0.17526309866351705,0.0037422206957347646,0.10236556722648922,-0.3445173241152602,-0.30135030339786406,0.22184578349000003,0.08776010498455937,0.07383864590602195,0.29047060716650297,-0.15377998573166243,0.14022842163673038,-0.11831166011089356,0.13950574431114177,-0.057980335521306506,-0.041837450018875386,-0.06350141202621991,-0.22298886693463726,-0.09466068722923493,0.04764795701034659,0.09892146097593156,0.06089966623336206,-0.027571505313984453,0.04864167180647369,-0.1236431206203639,0.18492689109038776,-0.1406729565437458,0.20813646964682642,-0.13956471028436207,-0.11331915522304233,0.13904029837789522,-0.293003695188322,-0.09172264593191168,-0.03417634897967193,0.14584103567029777,0.1450130982886399,0.1221120118326645,-0.039790026295520635,0.14946588525276233,0.2837111040953419,-0.22271877903731072,0.13217258534464718,0.110888358948157,-0.02659433649932584,0.21677084553015022,-0.19315263023031637,-0.1630552794638625,-0.12031682416044655,-0.1907297674675076,0.11201443012420194,-0.03167191804915653,-0.06517643187277142,-0.08841918413427619
40,-0.17847235330347078,0.12634795769748186,-0.012551038503070744,0.22421098685015878,-0.13828173901737137,0.12944052935514913,0.2521364224005875,0.06623608342107798,0.07583270946242972,-0.02512147680237978,-0.11022982525691674,-0.06897943153566821,-0.22021788510756649,-0.02560810971466766,-0.12304215796312154,-0.24675532421686916,-0.10293356029809693,0.034082061511276844,-0.0017809188379791193,-0.3605716123446705,1.0,-0.027321798499974216,0.2861776604458775,0.15640694778844969,-0.12967769556301112,0.09616262734029164,0.16064723845797668,-0.23263711460138092,-0.13876557992790578,-0.21766679383333817,-0.009579637773255215,0.04070430720728951,-0.04482131793527637,0.12573479435765691,0.020969371142375265,-0.2136607474949305,0.058311479937935805,-0.04576951615016884,0.14619729054888295,-0.05427065056697596,0.08798472432947836,0.0981791730394587,-0.3154614086322402,-0.012414474686607217,-0.02396317596237387,-0.1571987409058727,-0.020278051057889702,-0.19261237286181665,0.14457427529398242,-0.019837320339589286,0.028538021739958105,0.27694663986336393,-0.025461811794906437,-0.11493567631448282,-0.1257555782516296,-0.17441028841667042,-0.007300286934281374,-0.1367638812210155,0.13840099457326172,0.050226365868142685,0.015316674540857826,-0.19650733252406907,-0.10000609565121475,-0.20629176766926227,-0.011571040373534595,-0.023161430221081216,0.04741486594407554,-0.0850673681689126,-0.21095316483058071,-0.2560911706718764,0.10634300922564817,0.38272237256214403,0.07464636857015296,-0.14782438937715717,0.18425846458870893,-0.18796899070738052,-0.15616564172161249,-0.02329822780435644,-0.24045936507855756,-0.021295078939912882,0.0763045934978711,0.06578404206040421,0.2102024564950266,-0.07453057565377591,0.2131154661413582,0.10399481452826814,0.07354577687833781
41,-0.03933479595727248,-0.3062043517547063,-0.06054929104243078,-0.1717652076919739,-0.018763512251385468,0.15325887914202774,-0.19845054794591171,-0.05596738094963469,0.1682871452048319,-0.2861682693821235,-0.16469394338231494,-0.007208995400847914,0.058830481462364165,0.1781295110487489,-0.03449667917267812,0.1529408756927356,0.1900382658623108,0.1155990597023169,0.0661283268519732,-0.24397054794655065,-0.027321798499974216,1.0,0.002128342336183034,0.14458011868423218,-0.1371904834183356,0.1860867704108531,-0.17304407309729325,-0.1695814764882474,0.34601818358668346,0.4319773909939358,0.08863237662729034,-0.16259066093387084,-0.1417032982091135,0.20983054806411391,-0.12367379552246445,0.10129358399677678,-0.1350637343226209,-0.021648290167691812,0.34371467939292044,-0.030546875051245082,-0.12412072935985012,0.17145324393183084,-0.10230353880448562,-0.3171169556519641,0.015988553315413444,-0.15790901396379592,-0.09741082461635271,-0.16509606082907372,0.034439362987708014,0.12970191734683142,0.07435179227018633,-0.08439663590580145,0.20091595722500308,0.04467021379817457,-0.1849217784416109,-0.24673014429097595,-0.027507960138687983,-0.013825827471367551,-0.030557697733965883,-0.39813891022323533,0.14456642911099565,0.07982455206709489,0.12980638604183306,0.009405191592010944,-0.0785242605612314,0.10056108479870053,-0.0797974071196689,-0.28435478373130463,-0.09230697527801231,0.04440109977824515,-0.19129190603316526,-0.026502852649044024,-0.0217115225205248,-0.0637094468638093,0.23348199434643127,-0.008545659723421502,0.19709680406678975,-0.17033947580016848,0.060925538729573424,-0.09203463602804986,-0.17309834705104685,0.08898600751580057,-0.05565526376864144,0.10922905870280057,-0.07888883388280168,0.1373347235739066,0.12951644527695366
42,0.07322479530897127,0.28352193881345295,0.00975851738814318,-0.0024549462124516474,-0.27868891483836833,0.07127593092044687,-0.10058392486735941,0.20375297739046463,-0.010688400070419582,-0.2289215200837935,0.01957600459801163,-0.030844025809146452,-0.24695739774592074,-0.05723894217770886,-0.04367733053473975,0.08604663390028576,0.02658274118434123,0.04488423911506871,-0.12879427573109137,0.06003547144974412,0.2861776604458775,0.002128342336183034,1.0,-0.08151211775160756,-0.022068217288692526,-0.004505383729411979,0.12800291869216252,-0.35089100250098104,-0.05189824496552094,-0.05109777264136292,-0.28675067749215344,0.050036186444661686,-0.16776609191343983,0.21355616418333667,-0.3474650033642074,-0.0746639443714575,-0.07795164354174684,-0.35235619962241527,-0.15762927191002113,-0.06986364552643398,-0.06373179652768567,0.21429986694658096,-0.398011710907885,-0.06482900702719685,0.00019709693570266488,-0.06655406310418749,0.2278781254311185,-0.1765151264223329,0.22391185397853525,-0.01252444331665488,-0.2577632884505828,-0.015298871779735698,0.13888516251690894,-0.23594335561634974,0.01749627070108654,-0.3735296876959256,0.05092072495701337,0.024553886778596365,0.4151882555348364,0.09152234360500862,-0.09929016476484738,0.19686738222181543,-0.28203640515811595,-0.028990008414405802,-0.12900001268923586,0.018331703843369795,-0.024555708618590747,-0.06605430191402757,-0.18401577847142706,0.27641814642328616,0.11975000722077227,0.24565082175920344,0.1990526730249165,-0.094815053131054,0.15353406892807908,0.14955223481636826,-0.23034136556022972,0.04869674333986853,-0.05695055292110882,0.06254923852401226,-0.024337883242063187,0.2241090212098228,-0.012755491914067319,0.10389392242584715,0.14320977141193267,0.06812907535032478,0.13206852321475157
43,-0.2355354234391872,-0.11425279953222589,0.16811611086041953,0.02633792912745847,0.08642346624443137,0.22182559608866192,0.24524923353628622,0.06574870981193445,-0.0365809081561579,-0.011869958275005659,-0.18448337483957833,-0.22861102593129362,-0.025227763514540934,0.26261705019939935,-0.24535054925531352,-0.12360807743681791,0.1592478719131936,-0.0024135083223352284,0.05961650556173983,-0.132479076299171,0.15640694778844969,0.14458011868423218,-0.08151211775160756,1.0,0.05466860493384112,-0.1260231914600777,0.10421182789596228,0.16578566671876213,-0.036043112981698745,-0.008344086451816784,0.060413094340576304,0.013319845149676312,-0.0035004018739806064,-0.15944755461628424,0.022625403072162802,-0.05296125790353004,0.11308232254189698,0.069558312617143,0.07652624659961225,-0.12605299843169804,0.04225611003050433,-0.19105583638555723,0.09735614459925271,-0.25777078566567974,-0.02509413811933778,-0.19684537911497332,-0.29076288193086186,0.014462781004047732,-0.08263163929847,-0.015795375959939077,0.21376084676182175,-0.001434522759962451,-0.06204155931791898,0.16210596633286764,-0.016752959611975073,0.09853270172239802,0.24548880951350785,-0.3653019426266759,-0.04053789421215338,0.08181155736671392,-0.18299842985780376,-0.31492203737625013,-0.08320244730583685,0.09315900686323261,-0.07224436277292492,-0.12937059591792388,0.000971662273790468,0.11998525005557299,0.022935359179415745,-0.003449271794469304,0.03573158623864104,-0.008318973336175348,0.028949359279361955,-0.0990497865727388,0.06761119565583407,-0.018643592954343924,0.09188704822091516,0.12242344980762303,-0.1722561845033937,0.08963955867262681,-0.0395118385533979,-0.03441034838436675,-0.07176545071710073,-0.14763377245362436,-0.22043141568562166,-0.13287941923643146,0.05711924004985387
45,0.00021111108708666098,0.0034955603491273004,-0.09366660564381506,-0.10557087743548553,0.0011454663774948218,0.060901394691789894,0.13585152494797584,0.011894703919802935,0.03049707807986357,0.2070543777989046,0.032096849483246315,-0.2969333442728883,0.004896831921502782,-0.08353861051954414,0.18039854457736035,-0.006941145960585155,-0.203430142186308,0.03512304716455673,-0.2771386296850058,0.14056196321065556,-0.12967769556301112,-0.1371904834183356,-0.022068217288692526,0.05466860493384112,1.0,0.2435668914555549,-0.02858147693222772,0.19394378421680483,0.14497004557577117,0.02026155428161859,0.10012591089602445,-0.22021405919550346,0.02276319860136376,-0.07443115585593499,0.23730346203891245,-0.25732147084916746,-0.07660063653351276,0.12105698041436345,-0.192211781587072,0.3473140750109404,0.022323331652202853,0.23661345503704911,-0.045308391453943546,0.011045911520609221,-0.046390105515918566,0.003651405181344279,-0.10454909230764993,0.06126966069701065,-0.09648718452036466,-0.027458237977199824,-0.03231508031227112,0.026707550541456265,-0.16159036883604774,0.03290273913083309,0.060386983509874634,0.14062370654035528,0.07194387198423323,0.11112662161466277,-0.0995698304420212,0.1563889276994209,-0.36724593784030024,-0.04313704039995649,0.14406242223320917,-0.22627660831794055,-0.021718110933796525,-0.07916291144879738,-0.09213340893131854,-0.07866322861327144,0.08016937717476696,0.05963164635314343,-0.04640466431681096,-0.059631490990775,0.2052290592406598,0.21292102861548046,-0.3167213222178938,0.07840407499645659,-0.0233714541122716,0.036340566415332,-0.18983653355452193,-0.019204647600914063,0.07130479994376097,-0.13000646672951865,0.03480483723488666,-0.06675099421935327,-0.019902325895378378,-0.12150038916725182,-0.23795185888679293
46,0.18186047548260487,0.0006734473780652598,0.0951763640752495,-0.10226460443721372,0.1738959949786191,-0.08374809052241237,0.10444178835817262,-0.1279098520160318,0.07132268741403401,0.30013128806502193,0.07347396314305826,-0.10700183330644765,0.03588226469095228,-0.02330589695525871,0.17543118235269572,0.01056557306601007,-0.13857035512207522,-0.07860247194243261,-0.07139809924495195,-0.0227553777338028,0.09616262734029164,0.1860867704108531,-0.004505383729411979,-0.1260231914600777,0.2435668914555549,1.0,0.05269582758571617,-0.059742939372140126,0.12037310782504602,0.258807775317326,-0.07807317082569099,-0.2906733397230754,-0.26564954575375166,0.04316619522755541,0.07108091352186911,-0.03176220195052445,-0.13397470468959374,0.00470172793448137,0.1091132769560147,-0.025181531319596936,-0.10837092395507175,-0.0019090734091406372,-0.06646282761318703,0.006020604388618743,-0.011076164411924414,0.13536204956920725,-0.06127464512745819,0.17226180896548546,0.09529514243211355,-0.002958632184600389,0.03340478043769564,-0.1469430270764702,-0.06113563747907094,-0.18525910214059438,-0.1729606705921855,-0.09936051933555423,-0.08822900297560556,0.153559106461806,0.05688651028751806,-0.2198717474310718,-0.0422972022370047,-0.08541736949336373,0.02824494224566156,-0.12495608004787599,0.10866087875575252,0.14430700456320655,-0.16043147432402097,-0.2985043872890142,-0.34192638824958543,0.04918390982934639,0.12379355587757841,-0.01840705481792709,0.17268600147631027,0.20429695142040344,-0.10034864120336352,0.08754843404082789,0.05341887316083235,-0.17172860965420844,0.012151879307260539,-0.01125289354742756,-0.2013907028273388,-0.05069637438471696,0.02768183646161567,0.060341462525657676,0.31137030056161696,-0.015272623512149362,-0.17143560117351542
48,-0.1922492890010823,-0.07512696158195446,-0.020964202739940294,0.08266823970042556,-0.15459843413931548,0.01774848365495655,0.06481201871960289,0.13038326684654464,-0.0352461309705377,-0.04682229971054533,0.010824898171234549,-0.18555171025476475,-0.15961492659930318,0.09864289163850622,0.032946928067342465,-0.04531698603630347,0.3320170964370112,-0.07977706790336692,-0.08071467520596826,-0.06477380527114884,0.16064723845797668,-0.17304407309729325,0.12800291869216252,0.10421182789596228,-0.02858147693222772,0.05269582758571617,1.0,0.07064141593934618,-0.23154276595801201,-0.07235685596573901,-0.0045363687312577426,0.07556283228577242,-0.21654226654874426,0.0009211816658260395,0.1825670886256359,-0.10011087931508733,0.12271803282028464,-0.2666858246025939,-0.03606258807290388,-0.010324231513319996,0.13125220981105187,-0.09061839435573474,0.11199613425011855,-0.14092725639571482,-0.09519734779904274,-0.09123321852922368,-0.12907815489680036,0.1910773254414438,0.1575100062861524,-0.3482997921178531,-0.1747840808051668,-0.029861831379732983,0.1580452318418029,-0.07422824954697632,-0.08624455171459922,-0.14086880239071428,0.2033015826990625,-0.13855001495638322,-0.2364351013606251,-0.013231907193991232,0.1495294437723835,-0.14362733266074443,-0.1907826441225558,0.0088779392470392,0.16359036199110222,-0.046643264902563,-0.014503877136863835,0.10452623909658924,-0.2299934855966373,-0.19853952567111394,0.19968367778231794,-0.040113111965864104,-0.07218849075131847,-0.07508158271234892,-0.26893745542941133,-0.026281594050246243,0.1697110028603367,0.2341956611427121,0.007620273582193069,0.4298182703900994,0.06631267680511373,-0.0590301935383494,0.17193262015595812,-0.1175989009913278,-0.06463629867119997,-0.08924054687326963,-0.12075185171258647
49,-0.09368548637489223,-0.21745157869104012,0.08794332503320397,-0.04669033205783351,0.04150075153373185,-0.12707904337680237,0.2509904023041675,-0.04150953618435432,-0.05241764187945447,0.22781231273812558,-0.15522474002687375,-0.08644367837851691,-0.061929028231854456,0.19730441967177192,0.004237374440259612,0.09698623909708527,-0.13773813688392625,0.08886437723475771,0.05744781670668271,0.07654877942972636,-0.23263711460138092,-0.1695814764882474,-0.35089100250098104,0.16578566671876213,0.19394378421680483,-0.059742939372140126,0.07064141593934618,1.0,-0.04212585187854283,0.04734985302334387,0.2757678097995726,0.11426263103426806,0.12705855153085693,-0.32266502091331056,0.39865096017917256,-0.17476482310451108,-0.08449484822638774,0.3877110511249819,0.30795500955935684,-0.00322377922518633,-0.016403876373087427,-0.23619635627852356,0.36469776451930447,0.11537085127364842,-0.18562694777280886,0.08108785064885134,-0.12914645543094716,0.0920643835254575,-0.18131915092697667,0.06782372744578338,0.18599818682258187,0.09478495286949323,-0.016941046644890753,0.15623132160086725,0.0776784307675968,0.4084135263968495,0.08119082856502009,0.011927780924526458,-0.3013331051369278,0.04933092412196523,0.04087448799897372,-0.06323129062134021,0.10764245444160474,0.2634657589530785,-0.02699927790766634,-0.28554762981967075,0.010236506839168965,-0.06746248387734435,0.4017692930101325,0.16113996122021884,-0.049013755362333794,-0.16297725413801142,-0.1483122601653818,0.24222061411954032,-0.2652111932291779,-0.22194821085234923,0.14639572524698843,-0.045068051956639155,-0.2989388433778367,0.05723519234925269,-0.11962483846105841,-0.2804648697786009,-0.15328368925348398,-0.20947511654252393,-0.30075656562032405,-0.15920072314174102,-0.3425201898303896
50,0.057106394641641946,-0.13086370588046486,-0.14077795605730234,-0.0037280698496567058,0.29336289269106924,0.016925684743101133,0.019205911284603583,-0.08580557230363538,0.12206599175219822,-0.24894730955712363,-0.0353632641346294,-0.08869065091972403,0.15125018228603074,-0.14600937633595695,0.14868107732843686,0.0793625765821314,0.025607714587760053,-0.05454798004684973,0.2577847784359115,-0.12560139570428638,-0.13876557992790578,0.34601818358668346,-0.05189824496552094,-0.036043112981698745,0.14497004557577117,0.12037310782504602,-0.23154276595801201,-0.04212585187854283,1.0,0.27067486752396164,0.05810359832944752,0.03924801483867315,0.06873922143489347,-0.24296879466923768,0.07287437612439315,-0.01780054485059919,-0.12315582656053412,0.1642674694115426,-0.059352195864340936,0.08025691195496437,-0.20608539664138625,0.15846952650112148,0.12307934784873456,-0.08567512026822607,-0.21166012054804362,0.027508867842600485,0.16249449502521907,0.15149040243166717,-0.3457164736478354,-0.0712202616181266,0.06435591658595893,0.012682551609973705,0.32230452096856027,-0.08741526919094825,-0.11640350708499123,0.13743600811676773,-0.20391704829842294,0.3777080539085055,-0.05230705511894844,-0.3158181360337012,0.10577090179607518,0.1112820095533528,0.4958344915519522,0.12432341651936948,-0.006933047227421699,-0.02241888066459924,-0.2370962530053346,-0.00268896442935377,-0.01737688435188292,0.15328812959842164,-0.0895055309101972,-0.219270822169008,-0.03202882654601947,0.1376277791170705,0.05444446306472449,-0.027197325810267493,0.22347375837601965,-0.1377249366253136,-0.12573484567038948,-0.012529844420794616,-0.20782225509776078,-0.0437211599896873,-0.041313326885444215,0.05017067136477384,-0.14840318035799116,-0.13119636866819104,-0.3298929118182677
52,0.24777426487373266,-0.05654070152713238,-0.06883147506909572,-0.046399578708472444,0.08794251417085716,-0.1034232943041103,-0.2034461547684137,-0.017696530495450568,-0.16603145693804916,-0.3084740500954392,-0.027291906509706004,-0.052254257460945266,0.054474064270075055,0.12622129061599802,0.12222470199350532,0.22579358015661932,-0.22243433295114007,0.07858664661691189,0.05876722533440586,-0.17344789298762156,-0.21766679383333817,0.4319773909939358,-0.05109777264136292,-0.008344086451816784,0.02026155428161859,0.258807775317326,-0.07235685596573901,0.04734985302334387,0.27067486752396164,1.0,0.09994773446924965,-0.18846749211838792,-0.017691928599177818,0.25207720000219774,-0.023640848633754923,0.1140784963039612,-0.15062240725660858,-0.0598771933607898,0.17538181524975963,0.25850687836735714,-0.13951840195322027,0.20356518623593015,-0.012172529809833348,-0.21353436729424632,-0.13514836305550434,0.10695375553235,0.07429097447085081,0.19959471195066256,-0.006673500109637502,0.03380451586604333,-0.19408143019406926,-0.2876613357815366,-0.03487530218311868,-0.15586249625829557,-0.07878657842014222,-0.21384978201104266,0.10820036381411398,0.19835968460940934,-0.06961940536769505,-0.3143331028034279,0.16630952554955594,-0.08104030721328906,0.05460334497886714,-0.04730792523724926,0.017808014327792766,0.24054217580736076,0.10273016920673192,-0.24560737372680513,-0.2620367929906968,0.02860477052435744,-0.11457094126212225,-0.11389714149255661,-0.11995532366900025,-0.06276647854176785,0.09566447784768076,0.20501423644052788,-0.09069729176960033,0.03590666805929781,0.04742150579487323,-0.04743081670416698,-0.2282172810793958,-0.07858007571409868,0.09393294317508039,0.07117468776068747,-0.007150787989145317,-0.156381631344945,-0.20442910369045575
53,-0.09490587600306577,-0.11534180636432807,-0.20401952221491138,-0.0019724875506872885,0.08680786401039493,0.09220329078186405,0.013103843468370624,-0.05146390380149796,-0.13595544186893413,0.08698091328134618,0.07551168433294235,-0.16491140906487387,-0.004834861598610748,-0.0021080664470974025,0.021283441108276253,0.1346867235030337,0.006755755862657978,0.18647290306334519,0.10109668821405236,0.07255501047126496,-0.009579637773255215,0.08863237662729034,-0.28675067749215344,0.060413094340576304,0.10012591089602445,-0.07807317082569099,-0.0045363687312577426,0.2757678097995726,0.05810359832944752,0.09994773446924965,1.0,0.09391542698930219,0.14995507324538707,-0.09239602351234899,0.43213096670655743,-0.12976902382045527,-0.053741993337897025,0.26562369835573824,0.09687322936831176,-0.031042793943361954,0.015266769357357424,0.16897997843454698,-0.07466304113087308,0.00838971668605103,-0.08176501654060957,0.1182286648365831,-0.18277816400782937,0.2532561992546047,-0.23269555318043725,0.08488571767949978,-0.05086599627169293,-0.11872004691456478,-0.019598154005737202,0.2804839783573956,-0.09925765864030334,0.10589228511661147,-0.0838407978018401,0.2755038060094737,-0.39499838950823274,-0.20263276120422058,0.05206895749767438,-0.3813196526690474,0.2007421044800202,-0.12046061547757492,0.1317165657376265,0.12596613930319112,0.07467780531490467,0.10007312143964792,-0.08822346205951476,-0.23063797392551927,-0.15621915550989124,-0.22231174020501193,-0.04605516856094493,0.0038036816129355683,-0.1470284820901111,-0.15342775346347282,0.08241964547517497,0.11694399714856933,-0.09182253489017345,0.050015072233591217,-0.07024503042558009,-0.22512362916434422,-0.3217660691715324,-0.12009908884495113,0.03251432676872662,-0.06436417818200414,-0.1875414052146394
54,-0.1638145057552962,-0.14071254852429935,-0.06881348091257651,-0.08736500421379953,-0.013906501557640196,0.14176292597741574,-0.1630253066808759,0.05697247322080425,-0.02223334758699875,-0.04906018949783681,-0.24320462248076025,0.15746678462263095,-0.2416650295079657,-0.008519965480569078,-0.12885927563718322,-0.06477411692651731,0.29413378442699756,0.18980439659537793,0.13207893532209597,0.0815138197081568,0.04070430720728951,-0.16259066093387084,0.050036186444661686,0.013319845149676312,-0.22021405919550346,-0.2906733397230754,0.07556283228577242,0.11426263103426806,0.03924801483867315,-0.18846749211838792,0.09391542698930219,1.0,0.2574989153175522,-0.14352494614866462,0.16512476943384685,-0.012759001019209086,0.015945236651728607,0.10257466821464764,0.1721137299465526,-0.06180135956210876,-0.004374856032819623,-0.24845578302310864,0.05704567607790201,0.19916850891423604,-0.08719218432638758,-0.058136517241604346,-0.11190401807661543,0.07318094266173211,-0.14229479279488214,0.054018050287631535,0.09809513972317188,0.21240037484586408,0.2744112278560514,0.052713529917430224,0.11366786550160211,0.15747721095581788,-0.2336201133121867,-0.06935682671035115,-0.0873797051550929,0.05851242116558572,0.2013931527388081,-0.1847046274514906,0.15906710633866475,0.13912459196002486,-0.16772886073730942,-0.12342007710615227,-0.04760647823325851,-0.20756361627913492,0.2648278057549412,0.07588964171612377,0.11601236543511458,-0.06534760100782479,-0.1649950223363353,-0.14969082096771802,-0.062210020245449985,-0.12456862961212048,0.35449306875541425,-0.17235419651545603,-0.193682969831389,0.08106696340804387,0.17988194473418495,-0.13748447414002,-0.14075132185265066,0.02961312332102479,-0.23472263412096786,-0.12292704216515778,-0.11203486238568128
55,-0.09764021375125229,-0.1322594273968429,-0.09160116295056962,0.01645772931393217,-0.05798033544618145,-0.08840381468692973,-0.21732628743171903,0.18270156984115615,-0.015120556233133681,-0.11170147554269441,-0.11900653525853967,0.0507053840971127,0.14688396475740845,0.2603730367769404,-0.171306527324486,-0.13712050026217956,0.0445591565848243,-0.011845812696222483,0.11407160342062546,0.1306047690654495,-0.04482131793527637,-0.1417032982091135,-0.16776609191343983,-0.0035004018739806064,0.02276319860136376,-0.26564954575375166,-0.21654226654874426,0.12705855153085693,0.06873922143489347,-0.017691928599177818,0.14995507324538707,0.2574989153175522,1.0,-0.07113674534336409,0.10786131724916259,0.04326886413454766,-0.018750756425954765,0.396026919236152,-0.022025529838614152,-0.10170913366200471,-0.16361731410120364,-0.17510795415082792,-0.033724450387915224,0.25631406837258824,-0.15526542309898644,0.12493459611340754,0.14356871495030862,0.12658307605722954,-0.24484600631043996,0.01105362476019782,-0.07437592417390562,0.0785190354417826,0.005273058322601286,0.12463961356857226,0.4432672967597214,0.06748029278416509,-0.12191483983844774,-0.05375241692225087,-0.3653218882377062,0.31033927449950927,0.013254297446891597,0.11274885619020925,0.3135958550808356,0.09874744529245374,-0.05542518306215729,-0.19893190033678987,-0.01823395779461212,-0.20099415932995177,0.22505379582470086,-0.02618922120229357,0.01080786134296172,0.07297318048251665,-0.10921105209099893,0.0051542918531336905,-0.03510931679611716,-0.07564248546851035,-0.014731563966498542,-0.1304818537048579,-0.06122785505252131,0.05612281488344607,0.22714816747971214,-0.24776203039362446,-0.10978487947779679,0.03171428081837098,-0.43658165377455704,-0.2608932030889673,-0.09513938373502447
56,0.09698560113552662,0.11435031921671508,0.1639292649184609,-0.1695362182927617,-0.1460946268668606,-0.05164759258546422,-0.19109090179902033,0.10896367824288157,-0.2015860387673072,-0.1641343356008989,0.003486099381734095,0.13050464586084412,0.1265149791098137,0.21637172622054424,-0.18783719139938973,0.16459567053570348,-0.02403777347364231,-0.016858953718189486,-0.28725300646042345,0.11274244766692725,0.12573479435765691,0.20983054806411391,0.21355616418333667,-0.15944755461628424,-0.07443115585593499,0.04316619522755541,0.0009211816658260395,-0.32266502091331056,-0.24296879466923768,0.25207720000219774,-0.09239602351234899,-0.14352494614866462,-0.07113674534336409,1.0,-0.0123358441789467,-0.06862778427991663,-0.03203520184188068,-0.25556506887471553,-0.02372540422047218,0.06699888207606966,0.10432586734853183,0.19404439050008737,-0.14438475563393896,-0.08800946572357421,0.06756533656548525,0.017712488777149264,0.06746015521778304,-0.08429334973076515,0.3531336268936966,0.26560723066620695,-0.08605967613740177,-0.25578503153278803,-0.027705788173071857,-0.0830725635269543,-0.18076667954014045,-0.4488078744879805,0.01971065896043594,-0.18911023162504273,-0.028408959930589114,0.029859461540149866,0.1102322057863182,0.045879777756811235,-0.3026930879608189,-0.17383646550499393,-0.13676057227516755,-0.08301708050171142,0.21826368004719013,-0.140852423882682,-0.13406517322373931,0.06622929870930315,0.061068126952674044,-0.03542023953415666,0.02142044817667457,-0.04087518636722223,0.07893643296180171,0.2851531716351455,-0.21602447789647494,0.19868988205384452,0.2637664355522792,-0.2078889625630688,0.04131738732104854,-0.14014824203967421,-0.03397289003777293,0.17018778417946634,0.052196660964715334,-0.06430976794109587,0.12184277440095054
57,-0.15794240644885485,-0.14022575195060258,-0.09738675744317943,0.0688664353622914,0.2532213354077321,0.05755294883086926,0.24470102261040355,-0.09665717805445125,-0.11174670386936426,0.4149364371268915,-0.02012245679500729,-0.21696367029172564,-0.15544318522205566,0.21554851752289708,-0.07001974865783955,-0.0838958553137997,-0.0907075814032235,-0.1413204926695589,0.015241848152248626,0.08264789030553336,0.020969371142375265,-0.12367379552246445,-0.3474650033642074,0.022625403072162802,0.23730346203891245,0.07108091352186911,0.1825670886256359,0.39865096017917256,0.07287437612439315,-0.023640848633754923,0.43213096670655743,0.16512476943384685,0.10786131724916259,-0.0123358441789467,1.0,-0.26004042279215056,-0.2278571065376273,0.2532620013717686,0.20212608863072312,0.07839164899344703,-0.11617729398865266,0.040037287713591316,0.29683150904648425,-0.01217186642635102,-0.007954187904347359,0.029275715945039586,-0.05529335647448581,0.4049022713386965,0.03931566893898069,0.0351932230151414,0.2424752365984886,-0.008780866506976745,-0.06681685215979934,0.1348076927984926,-0.11125706807423244,0.07493691452949337,-0.1760761262606635,0.0014420554601962037,-0.34726743042295294,0.05474225418769275,0.26411641520650514,-0.21720543284076288,0.23056223897564895,-0.06281267049892873,0.06455744585356984,-0.3048889175187363,0.11776732814610848,0.059043351068812186,0.02596938424409502,-0.07042033619005657,-0.02887059021138586,-0.07159744136515048,-0.19471218368764906,0.3619635188742534,-0.18135273458757917,-0.25142283735323895,0.06268285916681085,-0.1474651258626406,-0.16403695300514004,-0.05103344133201778,-0.009032250156971238,-0.34482591165204274,-0.10602621337277633,-0.1762973403516663,-0.1344075531504218,-0.22571414064033682,-0.439327539464011
58,0.00751489005859216,-0.08937736613265491,-0.11228462924601668,-0.07577025197709436,-0.03545468164801438,0.30287771858595924,-0.3352280021734874,0.02840052165134767,-0.09059116051022384,-0.21938332794660206,0.01796267159086095,0.000436115620190403,0.10540694571147488,-0.030726064564864826,0.14806103666038722,0.10783705726923493,-0.052960785885955944,0.00741846528000914,0.2460900874664686,-0.17526309866351705,-0.2136607474949305,0.10129358399677678,-0.0746639443714575,-0.05296125790353004,-0.25732147084916746,-0.03176220195052445,-0.10011087931508733,-0.17476482310451108,-0.01780054485059919,0.1140784963039612,-0.12976902382045527,-0.012759001019209086,0.04326886413454766,-0.06862778427991663,-0.26004042279215056,1.0,-0.10633516066411211,-0.21455093168164752,0.21135900789447282,-0.11896334593834013,-0.09462909024797869,-0.11402371233780711,-0.04233972686086442,-0.014454322656725953,0.23419155197553274,0.0450618175970074,-0.07420234513405641,0.03069491614088901,0.03270610203837198,-0.07299058242341873,-0.21941127917111017,-0.07437446406504064,-0.18585818382753874,0.16050878472574437,0.03800454200416999,-0.07924070611222596,-0.013642826255665999,-0.05820840331170305,-0.06921070471698909,-0.215887486989545,0.05589368552533813,-0.06563930226491893,0.1100901871981901,0.19070918597236888,-0.21789119454081937,0.21434813703034006,-0.036844626415306864,0.16990295211225215,0.04865762772525221,-0.1361474909469586,-0.29516700641676064,-0.1009490529086932,-0.084303592488204,-0.3283200907426735,0.009153993902780561,0.21335820009118125,0.13669770509243248,-0.12025132665239245,0.18254765940981454,0.12829165415330201,0.23126684812299472,0.1718870251666066,-0.09952375849249305,-0.015055216680506384,0.04797061751568842,0.08641846333737889,0.14086985513115322
59,-0.0023167853062960597,0.15197517674332786,0.11049748300497492,-0.20086082151787604,-0.22189469758944647,-0.11002251405112111,0.07598488870374732,0.13809167458571212,0.05294446494619009,-0.10301799856448654,-0.23782278796378314,0.028630409218140234,0.1064807339902661,-0.009132462536401802,0.1568724541180687,-0.4470598089320768,0.06821751991303668,-0.06370419254262695,-0.14108145930404256,0.0037422206957347646,0.058311479937935805,-0.1350637343226209,-0.07795164354174684,0.11308232254189698,-0.07660063653351276,-0.13397470468959374,0.12271803282028464,-0.08449484822638774,-0.12315582656053412,-0.15062240725660858,-0.053741993337897025,0.015945236651728607,-0.018750756425954765,-0.03203520184188068,-0.2278571065376273,-0.10633516066411211,1.0,-0.08060853010680458,0.0394078653212358,0.08545830526904934,0.1975800257538224,-0.04344861614786554,-0.06282931868050022,0.07485739605076369,0.01752234481436165,-0.05934656035048114,0.011232746565866097,0.0660896826971237,0.03260540915351003,-0.012891286537485813,-0.12411899739330223,-0.22480664011947554,0.1131734957548864,-0.06447049105844027,-0.03962200137815274,0.18746511519461334,0.16938883333838725,-0.11206340723597344,-0.19142878526604734,-0.006703234175601078,-0.3512680021340751,0.023042452491964176,-0.20532409243839667,0.08252336587015553,-0.0766036106230311,0.04372959601545555,-0.004728651333029061,0.06851102543885562,0.12147945341427542,-0.12584430719974385,0.15584750044522733,-0.04387263692081329,0.03786155857086974,-0.18328439169928812,-0.3104972502005432,0.25949489602224957,0.05336083302088783,0.19288641729168346,-0.008453105519969523,0.12270537489567712,-0.043948007857307556,-0.020841149245051847,0.11394765762068082,0.022994538069883042,0.12085612363019756,-0.09222565651831133,0.16226804867629985
61,-0.09532713137679982,-0.18524854611148714,0.11236163307974575,-0.10748320127939823,0.12151482322396277,-0.1603390142256938,0.16435776529616153,-0.005492931901114619,0.14616869006515715,0.1346150957070586,-0.14198277057273465,-0.07931904953229672,0.05686055354646795,0.25616291114497924,-0.09051362767481881,-0.04049477024015319,0.04080884106360152,-0.07367642141892211,0.01347545478049712,0.10236556722648922,-0.04576951615016884,-0.021648290167691812,-0.35235619962241527,0.069558312617143,0.12105698041436345,0.00470172793448137,-0.2666858246025939,0.3877110511249819,0.1642674694115426,-0.0598771933607898,0.26562369835573824,0.10257466821464764,0.396026919236152,-0.25556506887471553,0.2532620013717686,-0.21455093168164752,-0.08060853010680458,1.0,0.09815588553428331,-0.18974852545638468,0.07234870496425246,-0.15155606091002471,0.05380714267292304,0.12377248855091111,-0.16330177095692727,0.11233762296263762,0.03506356353611908,0.10313174291225888,-0.2446768783396917,0.03828790498642282,0.18157391197142672,0.17967127349206483,0.08062711598170919,0.0941296437502181,0.056029167126735106,0.28807153332504265,-0.11493482749474199,0.1435309047019288,-0.1575526815040266,0.06377922817210113,0.10061645398477738,0.08120647416955429,0.17831640481569577,0.20196090749261458,0.01828977324022094,-0.2316321132805327,-0.10757128185700024,-0.1880965610636417,0.4118101826560364,0.10874967153442239,-0.07636000839864475,0.010592846212929653,0.08815273201174842,0.449190502233329,-0.08632383751141418,-0.18302090260990547,0.0430088461470979,-0.4227127807220571,-0.30520659796526517,0.008634149122759038,0.018833659333174962,-0.26635923949025053,-0.1477938647678315,-0.08735503553369361,-0.40766357628151534,-0.12354571401334276,-0.22072087333572615
62,-0.1616579630329734,-0.2663136928815304,-0.24269887623603037,-0.21688648573838473,0.01106686934088344,0.15397310327142028,0.1304936780208731,-0.15920359442670548,0.02726948516167424,0.01287153817484466,-0.14257787885724485,-0.04256414372435991,-0.12488515703774629,0.2816287439731205,-0.04531841576446253,-0.14171438901110872,-0.01616236155727631,0.20298266179818938,-0.09871451101451034,-0.3445173241152602,0.14619729054888295,0.34371467939292044,-0.15762927191002113,0.07652624659961225,-0.192211781587072,0.1091132769560147,-0.03606258807290388,0.30795500955935684,-0.059352195864340936,0.17538181524975963,0.09687322936831176,0.1721137299465526,-0.022025529838614152,-0.02372540422047218,0.20212608863072312,0.21135900789447282,0.0394078653212358,0.09815588553428331,1.0,0.05389112892487709,-0.0755082555882106,-0.1352481752227484,-0.045142941849628804,-0.13192870556915065,0.12945146450011427,-0.18230175193280834,-0.15078976394123147,-0.12765960293661516,0.2803616561399033,0.29740356847382743,0.10695058502855151,0.13746352701342376,0.04078136782143763,0.12428187938896441,-0.14178466367642126,0.07234023848444632,-0.0781014574719598,-0.2370551892056604,-0.20058004862211898,-0.16794019571214303,0.1829859519323962,-0.2364928610900469,0.09472143693251593,0.018066512507330452,-0.17126337120594703,-0.060228356302065765,0.19939836896982666,-0.2583698588661016,0.030477930844206646,-0.14868880313823923,-0.11306827783181346,0.08856031218135736,-0.13480236509773136,-0.1692848357032116,0.05389803897899554,-0.2652503264071932,-2.1734070949759294e-05,-0.3690445258289927,-0.2040323532000642,0.07376754835190562,0.13539548517026762,0.058399172317853756,0.014170141736141458,-0.14987743516523166,0.02794796339165309,-0.07025083624727693,0.04090961185225467
63,0.10335980026190414,0.011137546831698507,-0.28690192310754087,-0.19304874791454896,-0.06286258640062775,0.0361643148179194,-0.0003478662882669351,-0.1375365512347496,0.05281277853027928,-0.13912278503665199,0.08523283916024765,-0.11741046397587329,-0.021115504911839042,-0.14397378093562477,0.2017340411225741,0.03272782971209195,-0.18532907511379437,0.13627981142522594,-0.176289654655627,-0.30135030339786406,-0.05427065056697596,-0.030546875051245082,-0.06986364552643398,-0.12605299843169804,0.3473140750109404,-0.025181531319596936,-0.010324231513319996,-0.00322377922518633,0.08025691195496437,0.25850687836735714,-0.031042793943361954,-0.06180135956210876,-0.10170913366200471,0.06699888207606966,0.07839164899344703,-0.11896334593834013,0.08545830526904934,-0.18974852545638468,0.05389112892487709,1.0,-0.005018717019377176,0.19548585776007715,-0.046652218995007044,-0.151007820973859,-0.1004322923207874,-0.0472661532743644,0.01549558688534976,0.029972380101270475,0.12378885468920069,0.19005326966977115,-0.13949881736146713,0.08833972064989203,0.010399413938886612,-0.21760618097188414,-0.2052496334831348,0.1055714215898295,0.1332648978328653,0.07817548708939162,0.03133735908107736,0.021505057915968948,-0.1873443992509093,-0.09208317147707834,0.06423471184049023,-0.07987939871698078,-0.09399511826635883,0.23124171195839913,0.2268318864046195,-0.05651577531976404,-0.03717352828101197,-0.2025388371076601,-0.20176773022965075,-0.08832146076954059,0.08163947764255008,-0.20280635764794339,-0.030544889826863517,0.019332343921469056,-0.18051189802106085,0.11132994088191524,-0.16909978508574844,-0.09580216251688735,0.28168712923707273,-0.05943616160412315,0.301367161943449,0.09136633352322326,-0.0027747963424510106,-0.23912308382782194,-0.0294556238144981
64,-0.03557536539184703,0.2602735332939786,0.07105644876870765,-0.03847587117088801,0.0993478167406514,-0.18913181732822718,-0.13920779945194853,0.08593821902183668,0.008448454840536485,-0.020810639919089623,0.01223694573834973,-0.16138961730955056,-0.11009405779319216,-0.13899101488150822,0.004367440706194323,0.06727743563977188,0.26133367139212543,0.10607454428006473,-0.08996852435904004,0.22184578349000003,0.08798472432947836,-0.12412072935985012,-0.06373179652768567,0.04225611003050433,0.022323331652202853,-0.10837092395507175,0.13125220981105187,-0.016403876373087427,-0.20608539664138625,-0.13951840195322027,0.015266769357357424,-0.004374856032819623,-0.16361731410120364,0.10432586734853183,-0.11617729398865266,-0.09462909024797869,0.1975800257538224,0.07234870496425246,-0.0755082555882106,-0.005018717019377176,1.0,-0.027781705900800254,-0.1115716091985275,0.013443219102269704,0.08469602130030061,-0.12220208254629412,-0.03835089612047919,-0.05382644838130845,-0.2855354714390216,-0.05540802295472353,-0.18445876532723612,-0.00946791027857912,0.005630579997509975,-0.005343913726853106,-0.20435730772423305,0.1704843918749076,0.08496146741728286,0.058320234499876826,0.0766147410152766,0.10353323674786756,-0.1404514673356087,-0.08273744738970763,-0.18765023799560893,-0.07391461565468588,0.1943365863294066,0.014075339270264392,-0.2583173718842955,0.11902474631414658,0.05738361757191956,-0.22121913306485763,-0.014140779866707358,-0.02731987229932349,0.2119823944963207,-0.05607004212022301,-0.2416610718754195,0.08249351108148084,0.06842369322179385,0.029001828535698833,0.144924014675297,-0.15407755620296174,0.2647414854448086,0.07352495711505178,0.07590521823006388,0.029304234241448436,-0.055708587828379647,-0.1491702195331947,0.10143002523514427
65,0.1639430328271354,0.3114846219048938,-0.224883874585596,0.15763821612098072,2.8665898322165133e-05,-0.035390711442280794,-0.11719923499190149,0.07421938929726156,-0.04075567413218604,-0.29330187535915364,0.14882692588794869,0.007560032239029253,-0.0987401168464872,-0.1813464548253404,0.19187723881747218,-0.09799144057138205,-0.17725021130303317,0.14862596527516875,-0.16562458526807963,0.08776010498455937,0.0981791730394587,0.17145324393183084,0.21429986694658096,-0.19105583638555723,0.23661345503704911,-0.0019090734091406372,-0.09061839435573474,-0.23619635627852356,0.15846952650112148,0.20356518623593015,0.16897997843454698,-0.24845578302310864,-0.17510795415082792,0.19404439050008737,0.040037287713591316,-0.11402371233780711,-0.04344861614786554,-0.15155606091002471,-0.1352481752227484,0.19548585776007715,-0.027781705900800254,1.0,-0.3566280873738775,-0.18043360523320373,-0.07671582189359055,-0.0384833676420197,-0.0937226724377687,-0.0782492683224449,0.13212503865577685,-0.04668713833462114,-0.31223238562305455,-0.17030331543243826,-0.08051696405317747,0.14897776347062117,-0.08752887647520667,-0.004123649320827447,-0.058340948745465464,0.20640376244497358,0.0819185035022205,-0.2715681349610678,-0.0796706471683669,-0.04595552246911304,0.1306510534609975,-0.29916599516714054,-0.12382324474105362,0.15360890067314392,0.15328010956776253,-0.03719635024799636,-0.09952382610000261,-0.1394842221550019,-0.146904614384361,-0.012080499670296617,0.06407875514499548,0.008092156977597227,-0.05628103813360363,0.11111033057219728,-0.21440265552776736,0.15180221309834982,-0.013414613287889817,-0.02836244515552534,-0.0492947762136884,0.09524059312792582,0.024975438696268334,-0.048501489476186294,0.35724553003857845,-0.03021561538909337,-0.10916568524066936
66,-0.14748927805318646,-0.16675316865465428,0.1480948580391631,0.02584320698176881,0.18885546278499338,0.05454425657603249,0.25549303502240606,-0.08390783221522052,-0.06339180347040801,0.09411214896957022,-0.2736698069317064,-0.160567177662203,0.25434099008663114,0.21523718374358353,0.06464128325607231,0.018589580378246914,-0.05888408993641837,-0.2239384315472359,0.21987183786680697,0.07383864590602195,-0.3154614086322402,-0.10230353880448562,-0.398011710907885,0.09735614459925271,-0.045308391453943546,-0.06646282761318703,0.11199613425011855,0.36469776451930447,0.12307934784873456,-0.012172529809833348,-0.07466304113087308,0.05704567607790201,-0.033724450387915224,-0.14438475563393896,0.29683150904648425,-0.04233972686086442,-0.06282931868050022,0.05380714267292304,-0.045142941849628804,-0.046652218995007044,-0.1115716091985275,-0.3566280873738775,1.0,0.020314399920842698,0.006822166753245713,-0.028741740458271638,0.08800881152822952,0.17252638928622785,-0.0075168931422829365,-0.28237631618999925,0.1405489543859768,-0.04861708908618609,-0.06137946098962028,0.005409575848339571,0.033690605355055435,-0.08571681722917913,0.09423937712342668,-0.15988176628753814,-0.16911220827021733,-0.08146825841273238,0.2174801482983013,0.07299907065299747,0.01674735310204519,0.11394598715741916,0.037131605159287685,-0.2583911192531609,-0.05595810434402365,0.3620491864507313,-0.016536370357383215,0.10767593459779161,0.06196499085165464,-0.08925251121864562,-0.1910392967909206,0.22138884138106935,-0.024428460254848336,-0.19102608546384559,0.2082166667778391,-0.07316863990941615,0.040363069524045954,0.013402015190531871,-0.10729179343396204,-0.07393202995818439,0.1569121529649189,-0.06522024461817216,-0.2031728461544035,-0.019843853632388112,-0.25027149032610535
67,-0.0372387061654068,0.116040444040375,0.06228870803959122,-0.17434888044738994,-0.03938984616445087,-0.19923908532847553,-0.08253362171077332,0.22986821541086974,0.2559577420876375,0.29701796473446784,-0.1933077603738547,0.21851569923136216,-0.005834466665473458,-0.209591976152294,0.22743025982902562,-0.1623727200782807,-0.1240894575370128,-0.027198338336402103,0.07400865415379962,0.29047060716650297,-0.012414474686607217,-0.3171169556519641,-0.06482900702719685,-0.25777078566567974,0.011045911520609221,0.006020604388618743,-0.14092725639571482,0.11537085127364842,-0.08567512026822607,-0.21353436729424632,0.00838971668605103,0.19916850891423604,0.25631406837258824,-0.08800946572357421,-0.01217186642635102,-0.014454322656725953,0.07485739605076369,0.12377248855091111,-0.13192870556915065,-0.151007820973859,0.013443219102269704,-0.18043360523320373,0.020314399920842698,1.0,0.08346846702192497,0.14331302525027,0.16706512007284668,-0.011006170606667172,-0.27656536079781263,0.05939153576760208,0.10391626787482573,-0.03922431817534271,0.04257034336016213,-0.001545488390420739,0.21427829284333588,0.1348321045774607,-0.07702719125432328,-0.03295765167847062,-0.12659967388847018,0.1382110750379646,-0.2219718197513472,0.15117976942756045,0.05359130981221214,-0.025764844373514176,-0.03773031975508072,-0.20995839368000377,-0.10652452569832553,-0.03205575331221901,0.23708878035893585,0.1403882358042406,0.10833694503405356,0.022990747042598136,-0.04314494001006371,0.23764289584649653,-0.2302509770600657,-0.06923402041258396,0.13489050406144212,0.0035763954076015927,-0.10002263376390358,-0.07238354094855923,-0.07469229310070824,-0.20220709954550137,-0.06717011858402035,0.13937554558835483,-0.06792870341993427,-0.056910077355871024,-0.20240591162194435
69,0.042982789235819926,0.10168956988111716,-0.20687239167294094,-0.04131365115173009,0.14705248523042258,0.015332237515578554,0.20466962689435292,0.08556734841323897,-0.05460288495148788,0.19400164040297166,0.10388207135599936,-0.10284431353011458,-0.16931619600215128,-0.1881512428077032,0.039023296795034364,-0.05332304028386616,-0.10183283846145347,-0.16096734696169301,-0.15903677518829917,-0.15377998573166243,-0.02396317596237387,0.015988553315413444,0.00019709693570266488,-0.02509413811933778,-0.046390105515918566,-0.011076164411924414,-0.09519734779904274,-0.18562694777280886,-0.21166012054804362,-0.13514836305550434,-0.08176501654060957,-0.08719218432638758,-0.15526542309898644,0.06756533656548525,-0.007954187904347359,0.23419155197553274,0.01752234481436165,-0.16330177095692727,0.12945146450011427,-0.1004322923207874,0.08469602130030061,-0.07671582189359055,0.006822166753245713,0.08346846702192497,1.0,-0.03425173921893954,0.11215444004273467,-0.150613344612805,0.050191763809794614,0.0009663861549861739,-0.08278292865081854,-0.221068179649221,-0.22391617885574955,0.14415810428131873,0.07199690710676368,-0.21167571941218835,0.038619919074775834,-0.05863121957387569,0.1376895469082426,0.08541210972841574,-0.004829303409870807,0.06838300703461475,-0.10914995191891173,0.020231654679343795,-0.005981114075103628,0.22753539125659544,-0.11986719471157735,0.13104238195040868,0.029909855134486886,0.12292603803271758,0.20927194261440957,0.17959886276909526,-0.12786079025017374,-0.12694981232563995,-0.10748853636057354,-0.06166603590368338,-0.09578683231598148,-0.04666947263513591,0.027282939424279885,-0.0025799042936664545,0.18177378908403155,0.1090888343620493,-0.17768798810037403,0.13773869141565984,0.251313679496412,-0.09527699145141098,0.11096998472655456
70,0.23574508928717175,0.15964206948935178,-0.06829288452347647,-0.002466470417835562,-0.107185918050991,-0.2268870937766165,-0.1258273856559349,-0.10938328651510162,-0.29001708527240566,0.14359748497693905,-0.03111937244239493,0.13596088607873238,0.07437193260381413,-0.26331111146177866,0.12487508573701632,0.21826081024035685,-0.173085737832025,-0.14056941064484002,0.06712295509154573,0.14022842163673038,-0.1571987409058727,-0.15790901396379592,-0.06655406310418749,-0.19684537911497332,0.003651405181344279,0.13536204956920725,-0.09123321852922368,0.08108785064885134,0.027508867842600485,0.10695375553235,0.1182286648365831,-0.058136517241604346,0.12493459611340754,0.017712488777149264,0.029275715945039586,0.0450618175970074,-0.05934656035048114,0.11233762296263762,-0.18230175193280834,-0.0472661532743644,-0.12220208254629412,-0.0384833676420197,-0.028741740458271638,0.14331302525027,-0.03425173921893954,1.0,0.13754031931778624,-0.017049513729555564,-0.13942860819713587,0.11825170846572508,-0.13151122826478495,-0.2687159095555923,0.19873486925703818,-0.3461777512589042,0.13913051668894083,0.10317514136865588,-0.2594590978918443,0.2974380463452516,-0.09737848976184944,-0.18735892165907433,0.18669785670870753,0.056330800059573936,0.12217922111922379,0.11018094379660538,0.06394101597462774,0.003098606405632192,-0.17404615697222223,0.006102419871671607,0.13250030083197192,0.19666336092355952,0.3697188785963486,-0.3414701409902991,0.2857639772436898,-0.1298446248668815,-0.06831371265094856,0.12164811545899684,0.11242524435217387,0.10156022434802649,0.21498034654436016,0.005869426931470429,-0.07635639480358375,-0.27302369714755814,-0.061075458712554556,0.1649401082573012,-0.0689800211230354,-0.05037640214699142,-0.06812822260331267
72,0.10067503382548343,0.3016085875570449,0.02770113790498442,-0.10525489693171684,-0.09940867233962443,-0.3357093914950246,-0.12362157216604219,0.13343337023695973,0.179757630215225,0.05032244700078233,0.08687723063344846,-0.09923348383360676,0.024221986674239377,0.035252190889166445,0.19331759339555724,-0.09614395916898362,-0.05911616126987622,-0.2164158962030689,0.05078183119879654,-0.11831166011089356,-0.020278051057889702,-0.09741082461635271,0.2278781254311185,-0.29076288193086186,-0.10454909230764993,-0.06127464512745819,-0.12907815489680036,-0.12914645543094716,0.16249449502521907,0.07429097447085081,-0.18277816400782937,-0.11190401807661543,0.14356871495030862,0.06746015521778304,-0.05529335647448581,-0.07420234513405641,0.011232746565866097,0.03506356353611908,-0.15078976394123147,0.01549558688534976,-0.03835089612047919,-0.0937226724377687,0.08800881152822952,0.16706512007284668,0.11215444004273467,0.13754031931778624,1.0,0.034968997706257936,-0.18719337889321186,-0.1585007874867863,-0.12851400917695915,-0.04739662624331035,0.03633074100838433,-0.14212644246241632,0.02922508816173392,-0.09677068275746094,-0.08887058911697802,0.23992437746537792,0.18511459000240177,0.1271349920398364,-0.12451604829425528,0.4326418336988677,0.05182159883789228,0.010410844285420558,-0.1469111030752497,-0.14636915036982392,-0.2776277548671718,0.20348735953940758,-0.05539437375804268,0.30461374660615054,0.2905720722859134,0.2879788483313224,-0.21569026346420475,0.23068604318140964,0.009924552810862158,-0.048495175861196976,-0.18161133788691336,-0.11628444626010806,0.01428557743787669,-0.15341211500367125,-0.09891230097153614,-0.04942349136672752,0.056704614019331176,0.18931388432784238,0.0304779445922597,-0.2517927626115635,0.0648905314279498
74,0.038986598689870075,-0.0357330673419311,0.15932247178959982,0.019010062842803047,0.028053974476009786,0.03209567455430448,0.010870944195345088,-0.07492718588602194,-0.07047216821446531,0.03474597275509623,-0.07794900996019402,-0.1526108284792906,0.06714972181990055,0.09936265463283685,-0.026882459059623026,-0.17054240179304672,0.008541422326528941,-0.0529881498168681,-0.040068949032468194,0.13950574431114177,-0.19261237286181665,-0.16509606082907372,-0.1765151264223329,0.014462781004047732,0.06126966069701065,0.17226180896548546,0.1910773254414438,0.0920643835254575,0.15149040243166717,0.19959471195066256,0.2532561992546047,0.07318094266173211,0.12658307605722954,-0.08429334973076515,0.4049022713386965,0.03069491614088901,0.0660896826971237,0.10313174291225888,-0.12765960293661516,0.029972380101270475,-0.05382644838130845,-0.0782492683224449,0.17252638928622785,-0.011006170606667172,-0.150613344612805,-0.017049513729555564,0.034968997706257936,1.0,-0.041547785338310814,-0.1176418138618194,0.09054096778194885,-0.19458890246422814,0.009753269795076567,-0.012223693647880672,-0.10477666178837436,0.04641241208805689,0.0058239645005927244,0.029903578194687624,-0.3628855445829554,-0.06289057424136828,0.163936862340486,-0.044195938234652433,0.10621773591872147,0.2889128160645628,0.0364304158235219,-0.013153590413795185,0.12547886071950146,0.14517088103533457,-0.10735834294288063,-0.16890970483832776,-0.18232564510774715,-0.12198675016546441,-0.2639057382702689,0.20199546539642732,-0.14241951624344437,0.14638374142537386,0.17646778726075008,-0.04051067503973238,-0.09868276289792906,0.14799897914973636,-0.20114187693227234,-0.27262693858199927,-0.17651227731488092,-0.0185378453529148,-0.0741859094258508,-0.19369690792413832,-0.35190873944353157
79,-0.1489611016636933,0.08741881741299647,-0.01990956002256556,-0.0315356929347729,-0.24286594297623046,0.32610930332646393,0.2946851583995701,-0.21457010836513882,-0.11119091628100572,-0.05684194249818049,0.007828189615765691,-0.005212396542680871,0.14576367453038283,0.1477940320477615,-0.08693353422855223,-0.13995696173785782,-0.17429752831201428,-0.060683851089874695,-0.35193791484933934,-0.057980335521306506,0.14457427529398242,0.034439362987708014,0.22391185397853525,-0.08263163929847,-0.09648718452036466,0.09529514243211355,0.1575100062861524,-0.18131915092697667,-0.3457164736478354,-0.006673500109637502,-0.23269555318043725,-0.14229479279488214,-0.24484600631043996,0.3531336268936966,0.03931566893898069,0.03270610203837198,0.03260540915351003,-0.2446768783396917,0.2803616561399033,0.12378885468920069,-0.2855354714390216,0.13212503865577685,-0.0075168931422829365,-0.27656536079781263,0.050191763809794614,-0.13942860819713587,-0.18719337889321186,-0.041547785338310814,1.0,0.06776381629742599,-0.08929068060491746,-0.013758292696342628,-0.15221775791563022,-0.11235799232567831,-0.14302342301465779,-0.5134216365262144,0.0926231871059753,-0.4310864324646526,-0.015364245508498464,-0.062107198105798414,0.23650728996422052,-0.2082592558013275,-0.304506166567131,-0.0024823071833823596,-0.029151673772164065,-0.10073921715845027,0.7368910854370794,-0.04148666158181061,-0.20466245809250957,0.06832009874146971,-0.09860617907095802,0.07739204677117352,0.14673694825825814,-0.16677610120127068,0.18637376143716017,-0.0122024510428079,-0.35125675718092564,-0.16215397234454945,0.2782514066501766,0.19779836757117802,0.16251391345833477,0.12987942954514603,0.24708081040079324,-0.2766526577941347,0.08400907188449522,-0.015359528386058951,0.1572181856395019
80,-0.11217601492619067,-0.05108806903317706,-0.15655634438561492,-0.33219872343962153,0.031163735717603867,-0.04101587615976933,-0.007336419020449057,-0.21506177584693428,0.13845376338246146,0.11796467212450022,0.14599583491404067,0.17093477140306243,0.044229902913519664,-0.07669747473606428,-0.22140175753946822,0.06534123972168401,-0.18551547694319873,0.11905481474691766,-0.1783287985132904,-0.041837450018875386,-0.019837320339589286,0.12970191734683142,-0.01252444331665488,-0.015795375959939077,-0.027458237977199824,-0.002958632184600389,-0.3482997921178531,0.06782372744578338,-0.0712202616181266,0.03380451586604333,0.08488571767949978,0.054018050287631535,0.01105362476019782,0.26560723066620695,0.0351932230151414,-0.07299058242341873,-0.012891286537485813,0.03828790498642282,0.29740356847382743,0.19005326966977115,-0.05540802295472353,-0.04668713833462114,-0.28237631618999925,0.05939153576760208,0.0009663861549861739,0.11825170846572508,-0.1585007874867863,-0.1176418138618194,0.06776381629742599,1.0,0.30130796560311945,0.028413623300630804,0.042002904683650616,0.08317873473590269,-0.10266257378444679,0.15619742663839872,-0.12524993926538375,-0.06526580207636096,-0.007362768989090256,0.08982106859359594,-0.019566377208804987,-0.07060035193719144,-0.0032533175598015414,0.10492996668069483,-0.1632531491166622,0.00446822930446834,0.3031658169747645,-0.3390398303639633,0.14240342304609632,0.02120162993204381,-0.09189245008374922,-0.041959399366301914,0.1694529490023153,-0.023847572376664652,0.18349417702227452,-0.022733753261360887,-0.18189825504075002,-0.151023404844829,-0.05272875720745498,-0.3547618569828638,-0.0021447835142278365,-0.05093903548764042,-0.08919943593404694,0.03887076383306135,-0.09685180735234586,-0.07065098839407033,0.18679771191634445
81,-0.1628129231717964,-0.2075175948193366,0.17575377265321862,-0.06741262148111973,0.16993337997367572,0.01000785369604196,0.2339969753059269,-0.17208688089054797,0.18842711535071385,0.34380216792988577,0.017123640245194603,0.10870715778429169,-0.17250982467248976,0.030735596364172953,-0.30960590721625825,-0.07521554848575203,0.03711191518689461,-0.013134126245351587,-0.060103397705209186,-0.06350141202621991,0.028538021739958105,0.07435179227018633,-0.2577632884505828,0.21376084676182175,-0.03231508031227112,0.03340478043769564,-0.1747840808051668,0.18599818682258187,0.06435591658595893,-0.19408143019406926,-0.05086599627169293,0.09809513972317188,-0.07437592417390562,-0.08605967613740177,0.2424752365984886,-0.21941127917111017,-0.12411899739330223,0.18157391197142672,0.10695058502855151,-0.13949881736146713,-0.18445876532723612,-0.31223238562305455,0.1405489543859768,0.10391626787482573,-0.08278292865081854,-0.13151122826478495,-0.12851400917695915,0.09054096778194885,-0.08929068060491746,0.30130796560311945,1.0,0.11036313954381621,0.039945101419812716,0.015340620727949516,-0.1974736142610083,0.22803595947694327,-0.05332444476821689,-0.1716558481136369,-0.020557013159253144,0.14594619107593063,-0.014697941536010919,0.13088970298432312,0.20558223745620458,0.11993034015852996,-0.12749468032915073,-0.09236646437180882,-0.030874561561961774,-0.15459124876654268,0.19950897199280695,0.1439753497327238,0.041539832332187616,-0.013907900737601786,-0.09197074584143214,0.43820946116444154,0.23501124878672922,-0.14126792765321758,0.23162738113953366,-0.11949593542687255,-0.22775409906757713,-0.3434910517283465,-0.26859389837337394,-0.02198361303274745,-0.012909232672550808,-0.07468543708631611,-0.013605325697646706,0.04283365464388759,-0.016623189258104947
82,-0.23765678930045803,-0.333013667966855,-0.18613252204695946,0.22033601061424235,-0.10669754285580796,0.3026999727712926,0.2162716273123112,-0.2018423974445383,0.24958043129687438,0.07450883636644991,-0.06156055334561411,0.03618702571416923,0.02443185602370138,-0.035144105987243476,0.026886271693446335,0.08582291082984639,0.0835631205842812,0.2654848882941586,0.1969803591799852,-0.22298886693463726,0.27694663986336393,-0.08439663590580145,-0.015298871779735698,-0.001434522759962451,0.026707550541456265,-0.1469430270764702,-0.029861831379732983,0.09478495286949323,0.012682551609973705,-0.2876613357815366,-0.11872004691456478,0.21240037484586408,0.0785190354417826,-0.25578503153278803,-0.008780866506976745,-0.07437446406504064,-0.22480664011947554,0.17967127349206483,0.13746352701342376,0.08833972064989203,-0.00946791027857912,-0.17030331543243826,-0.04861708908618609,-0.03922431817534271,-0.221068179649221,-0.2687159095555923,-0.04739662624331035,-0.19458890246422814,-0.013758292696342628,0.028413623300630804,0.11036313954381621,1.0,0.024790711300824348,0.12492516576357118,-0.07660469470820967,0.1279989703549222,-0.040185963000116294,-0.05920456967976941,0.17443756416061373,0.1999198530094172,0.006896606774274598,-0.073673982205153,0.09171012738567369,-0.027853709841145137,0.17719441275023892,-0.1495203928953256,0.044035390251184255,-0.01743839309546764,0.14727607735819578,-0.099581391096195,-0.2051917567436678,0.1652427204471939,-0.1364783625940875,-0.020905032005202103,0.0734326220979601,-0.31941190865342384,-0.01362684865586612,-0.25506636666456634,-0.2455588366805817,-0.03969676696795184,0.14707318179475273,-0.12450759631603776,0.05186576334870946,-0.17181022520858663,-0.14882172897270152,0.0966926405105728,-0.002953944717907251
83,-0.20976048021471355,-0.19695756094068884,-0.007447516670306151,-0.12594877213500089,-0.07575568354554696,-0.13345582427260272,-0.1536247054745938,0.043102312963380685,-0.021312106051952037,-0.1453788163892764,-0.1704230842261159,-0.11358042695568937,0.08312806815264545,-0.08046704995637323,-0.01141254516163153,0.16544836530253354,0.3384208754592129,-0.16908614096589242,-0.017863856624746263,-0.09466068722923493,-0.025461811794906437,0.20091595722500308,0.13888516251690894,-0.06204155931791898,-0.16159036883604774,-0.06113563747907094,0.1580452318418029,-0.016941046644890753,0.32230452096856027,-0.03487530218311868,-0.019598154005737202,0.2744112278560514,0.005273058322601286,-0.027705788173071857,-0.06681685215979934,-0.18585818382753874,0.1131734957548864,0.08062711598170919,0.04078136782143763,0.010399413938886612,0.005630579997509975,-0.08051696405317747,-0.06137946098962028,0.04257034336016213,-0.22391617885574955,0.19873486925703818,0.03633074100838433,0.009753269795076567,-0.15221775791563022,0.042002904683650616,0.039945101419812716,0.024790711300824348,1.0,-0.23706654488064918,-0.08623123889340895,0.13530764879112783,-0.10469734686944614,0.21511281711782557,-0.04620991093148117,-0.25853907793123354,0.21511202647904323,0.228981037779023,0.16841627984316257,0.21449449951088911,-0.03733841822462005,-0.1763424760687994,-0.1919684661637915,-0.19155327154332694,0.1620972669904521,0.11229968158046867,0.09352500175294007,-0.17363086468062097,0.09378428988963367,0.08494209112714195,-0.05398107109603472,0.002692930156807443,0.32702928462681746,-0.036829839548765106,-0.04106253062042545,0.27028873241051277,0.010078535134009386,-0.17768175448541526,0.07710352138791186,0.12010455825612842,-0.2754573202742482,-0.04257609980366879,-0.05448467423811185
84,-0.28627341307360366,-0.14670814871985358,-0.024104873254383694,-0.028628067466554694,0.06128544676721552,0.025326063301638394,0.055056796400965946,0.26850591993383877,0.14560713273011638,0.05628072924779725,0.14850183673216102,0.003686846584042264,0.023740575355611682,0.20301542970619205,-0.11335423400900978,-0.051936607682624945,0.08410478046292219,0.11520035733240361,0.16478065080035206,0.04764795701034659,-0.11493567631448282,0.04467021379817457,-0.23594335561634974,0.16210596633286764,0.03290273913083309,-0.18525910214059438,-0.07422824954697632,0.15623132160086725,-0.08741526919094825,-0.15586249625829557,0.2804839783573956,0.052713529917430224,0.12463961356857226,-0.0830725635269543,0.1348076927984926,0.16050878472574437,-0.06447049105844027,0.0941296437502181,0.12428187938896441,-0.21760618097188414,-0.005343913726853106,0.14897776347062117,0.005409575848339571,-0.001545488390420739,0.14415810428131873,-0.3461777512589042,-0.14212644246241632,-0.012223693647880672,-0.11235799232567831,0.08317873473590269,0.015340620727949516,0.12492516576357118,-0.23706654488064918,1.0,0.03519543111166315,0.10703309951646608,-0.06209864351854802,0.03892164316859357,-0.2588271540590463,0.04391343740604921,-0.19506657848919537,-0.13294005804182055,0.1565403367996359,-0.07812607533450332,-0.09648028214698584,-0.06496946807083277,0.004882260201498603,-3.45737580056834e-05,0.04367356904684634,-0.08138828225292649,-0.33489902989047066,0.08638336465517776,-0.2765618833159279,0.08646076765705703,-0.1975064288710631,-0.16241214759152953,0.06900892221853122,-0.04523690599194698,-0.11229233091487756,0.07651543164724306,0.02987657171425302,-0.19194229978908703,-0.26026602459815334,-0.11576222892922475,0.0016035581098889137,-0.11561776747577598,-0.03641940863756784
85,-0.03364476600844017,-0.10798468750679169,-0.05258780806146023,0.17889375038756444,-0.09939279914278272,-0.08904953203338317,-0.18898285079478197,0.2832418988006488,-0.04971201680635814,-0.03969619802999948,-0.0648474228862423,0.22050166284703765,-0.022191242789412403,0.13890892154660228,-0.18940282850950282,-0.025663645498902335,-0.014022193032521021,0.008112130504715933,0.18927514444973711,0.09892146097593156,-0.1257555782516296,-0.1849217784416109,0.01749627070108654,-0.016752959611975073,0.060386983509874634,-0.1729606705921855,-0.08624455171459922,0.0776784307675968,-0.11640350708499123,-0.07878657842014222,-0.09925765864030334,0.11366786550160211,0.4432672967597214,-0.18076667954014045,-0.11125706807423244,0.03800454200416999,-0.03962200137815274,0.056029167126735106,-0.14178466367642126,-0.2052496334831348,-0.20435730772423305,-0.08752887647520667,0.033690605355055435,0.21427829284333588,0.07199690710676368,0.13913051668894083,0.02922508816173392,-0.10477666178837436,-0.14302342301465779,-0.10266257378444679,-0.1974736142610083,-0.07660469470820967,-0.08623123889340895,0.03519543111166315,1.0,0.04654952032384051,-0.0014258941672939153,-0.18011566033766746,-0.16917952835254416,0.26828669635213387,-0.06812437128572861,0.09505883148033915,-0.015561905638184905,0.07357604390524754,-0.06467435402029337,-0.15776544410631643,-0.0038095315513875633,-0.03057732131622512,0.09756665287127321,0.07767867845398882,-0.0029039621256421976,0.2340021788124668,-0.14090794982464938,-0.13377003223675285,-0.08219538945821905,-0.11953897766470786,0.04596654608207676,-0.007473339407040757,-0.0738402027102035,0.2303085060173032,0.029497049912898327,0.02179746353481155,-0.21124426736113447,0.11751062401715945,-0.33438070759763877,0.06582382627067447,0.09951172940273315
86,-0.017708570782123387,0.020989503684710448,-0.025864643022788483,-0.02919126301380866,0.14362178882737697,-0.1852619663459982,0.07891418171567065,-0.061834804363046114,0.17808189113183737,0.12856676093466568,0.10188221030197092,0.10634632334465487,-0.12096339091307218,-0.19464627192188683,0.15923208120103247,-0.16386261952389997,0.08452040600071235,0.02943528364139235,0.004650154090336132,0.06089966623336206,-0.17441028841667042,-0.24673014429097595,-0.3735296876959256,0.09853270172239802,0.14062370654035528,-0.09936051933555423,-0.14086880239071428,0.4084135263968495,0.13743600811676773,-0.21384978201104266,0.10589228511661147,0.15747721095581788,0.06748029278416509,-0.4488078744879805,0.07493691452949337,-0.07924070611222596,0.18746511519461334,0.28807153332504265,0.07234023848444632,0.1055714215898295,0.1704843918749076,-0.004123649320827447,-0.08571681722917913,0.1348321045774607,-0.21167571941218835,0.10317514136865588,-0.09677068275746094,0.04641241208805689,-0.5134216365262144,0.15619742663839872,0.22803595947694327,0.1279989703549222,0.13530764879112783,0.10703309951646608,0.04654952032384051,1.0,-0.1564768334322119,0.17334764531924557,-0.09201521081378519,0.09598021803888086,-0.1949742467766328,0.016879960762859376,0.41848963985832743,0.17802973212048817,-0.10988653203333806,0.004996116957320178,-0.10669509659586583,-0.05161171154378295,0.45524287580446654,-0.07957438249577246,-0.027366346953464467,-0.18967857317248255,-0.018552247212225887,0.12102124498318668,-0.24066247771112934,-0.19132436499468347,0.26925835644646884,0.0035778701182568214,-0.20755701446180255,-0.14416042883088395,-0.11646344834233588,-0.12882916595841049,-0.21939127998059202,-0.10137169310379253,-0.03245792476471758,-0.14842775149343906,-0.2089214758986367
89,-0.19612759958562453,-0.13265430473587878,0.20876215516237362,-0.03195919057057678,-0.03141649127234299,-0.08393541630066799,0.045257011244022614,0.23275851546611112,0.05248502896997266,-0.11027426374535651,0.10149835032804501,-0.1765988850732171,0.07153302932155615,0.16672266103511882,0.06981371306151976,-0.13571153385577328,-0.14678848515291418,-0.08455884735144507,0.015037572374170603,-0.027571505313984453,-0.007300286934281374,-0.027507960138687983,0.05092072495701337,0.24548880951350785,0.07194387198423323,-0.08822900297560556,0.2033015826990625,0.08119082856502009,-0.20391704829842294,0.10820036381411398,-0.0838407978018401,-0.2336201133121867,-0.12191483983844774,0.01971065896043594,-0.1760761262606635,-0.013642826255665999,0.16938883333838725,-0.11493482749474199,-0.0781014574719598,0.1332648978328653,0.08496146741728286,-0.058340948745465464,0.09423937712342668,-0.07702719125432328,0.038619919074775834,-0.2594590978918443,-0.08887058911697802,0.0058239645005927244,0.0926231871059753,-0.12524993926538375,-0.05332444476821689,-0.040185963000116294,-0.10469734686944614,-0.06209864351854802,-0.0014258941672939153,-0.1564768334322119,1.0,-0.2046631609384206,-0.01660265260084806,0.015916829929728905,-0.2200074577389728,0.27357097546249787,-0.2870261444389011,-0.001580317759722661,0.023755702381527785,-0.0839041435635595,0.02711374480616014,0.05695958646739588,0.07008926199412352,0.05388048091535652,-0.057141564993140916,0.04824400106868045,-0.12745902091886246,0.03080082130170227,-0.07875648633492552,0.1863080981165563,-0.1439199825887252,0.09899607340910947,-0.028972045862510693,0.028051755824872234,0.04539975266914743,-0.016888735868150633,0.20060677529689802,-0.20128607030823736,-0.08012712142775034,-0.18087691399167308,-0.0975390241079654
90,0.19319431854762995,0.1516413098791208,-0.07642873427439438,0.002079923989736901,0.06232556035892877,-0.2343062325784332,-0.14843300263054268,0.02672153008103798,0.04165406869447245,0.11725809856607328,0.34688400941551467,-0.08644462087966887,-0.12089031387576453,-0.3314332717264422,0.34366274691346327,0.32334017194342607,-0.060180019716588005,-0.16113400545386733,0.21007812312945304,0.04864167180647369,-0.1367638812210155,-0.013825827471367551,0.024553886778596365,-0.3653019426266759,0.11112662161466277,0.153559106461806,-0.13855001495638322,0.011927780924526458,0.3777080539085055,0.19835968460940934,0.2755038060094737,-0.06935682671035115,-0.05375241692225087,-0.18911023162504273,0.0014420554601962037,-0.05820840331170305,-0.11206340723597344,0.1435309047019288,-0.2370551892056604,0.07817548708939162,0.058320234499876826,0.20640376244497358,-0.15988176628753814,-0.03295765167847062,-0.05863121957387569,0.2974380463452516,0.23992437746537792,0.029903578194687624,-0.4310864324646526,-0.06526580207636096,-0.1716558481136369,-0.05920456967976941,0.21511281711782557,0.03892164316859357,-0.18011566033766746,0.17334764531924557,-0.2046631609384206,1.0,0.1881384371984857,-0.3410900767265987,-0.06228898777822761,0.20127406741514509,0.31840332326081683,-0.12117019873973776,0.2561104819774793,0.2925946375868054,-0.36057596656394275,-0.13600562090938223,0.03419207355074933,0.14975676964920898,-0.022461101629588025,-0.13699086093731824,0.2157994013288693,0.21054668739601842,-0.28420116382185956,0.030596895915279573,0.006527824088152416,-0.04683501977799882,0.018295102966215542,-0.14561788412203255,-0.13698600952370588,-0.0677462619759232,-0.12151584812291082,0.16576861584134978,0.0911439396856428,-0.11017353449553711,-0.15212690905823484
91,0.29133784716570604,0.2831649974838254,-0.08608192102691482,0.2183007692246945,0.1026228984375313,0.014912001227722453,0.05344430904365445,-0.22657649574356065,0.022096821813638978,0.09588096425420944,0.20912424622375297,-0.12730110736959546,-0.17267760532964999,-0.21552273449916692,0.14563423095870448,0.1336908281913085,-0.16054114186817134,-0.15984503089690674,-0.04663466161469126,-0.1236431206203639,0.13840099457326172,-0.030557697733965883,0.4151882555348364,-0.04053789421215338,-0.0995698304420212,0.05688651028751806,-0.2364351013606251,-0.3013331051369278,-0.05230705511894844,-0.06961940536769505,-0.39499838950823274,-0.0873797051550929,-0.3653218882377062,-0.028408959930589114,-0.34726743042295294,-0.06921070471698909,-0.19142878526604734,-0.1575526815040266,-0.20058004862211898,0.03133735908107736,0.0766147410152766,0.0819185035022205,-0.16911220827021733,-0.12659967388847018,0.1376895469082426,-0.09737848976184944,0.18511459000240177,-0.3628855445829554,-0.015364245508498464,-0.007362768989090256,-0.020557013159253144,0.17443756416061373,-0.04620991093148117,-0.2588271540590463,-0.16917952835254416,-0.09201521081378519,-0.01660265260084806,0.1881384371984857,1.0,-0.025380413235632518,-0.034644297292357476,0.13228140861512983,-0.2675463164368265,-0.21351551021531132,0.10982646972046875,0.2973754500368674,-0.04406042714105531,0.03983203972409827,-0.07064857279807822,0.24125914998898457,0.08482800872628714,0.25536600274914595,0.2940688607117474,0.06467762970741366,0.3746749599287912,-0.025778209670265614,-0.3509853250844473,0.006829458660047377,0.06054519104015761,-0.2781552665353093,-0.03748018459447413,0.48009299662680005,0.03957150277683627,-0.10386324990611677,0.2742616777677872,0.17235688745233216,0.3062109724336408
92,-0.002676264653784807,0.2001057907695484,0.10483542209756012,0.04800853418804221,-0.10592416609868069,-0.06777937187017984,0.0320918859582186,0.27864186558182963,-0.07258515586596484,0.13420274868320087,0.09749960457683204,-0.008800094876933272,-0.13795846135884837,0.23391332156850297,-0.33814103567833004,-0.16044787459718887,0.1585735617003299,-0.0792856271530229,-0.061441804048345476,0.18492689109038776,0.050226365868142685,-0.39813891022323533,0.09152234360500862,0.08181155736671392,0.1563889276994209,-0.2198717474310718,-0.013231907193991232,0.04933092412196523,-0.3158181360337012,-0.3143331028034279,-0.20263276120422058,0.05851242116558572,0.31033927449950927,0.029859461540149866,0.05474225418769275,-0.215887486989545,-0.006703234175601078,0.06377922817210113,-0.16794019571214303,0.021505057915968948,0.10353323674786756,-0.2715681349610678,-0.08146825841273238,0.1382110750379646,0.08541210972841574,-0.18735892165907433,0.1271349920398364,-0.06289057424136828,-0.062107198105798414,0.08982106859359594,0.14594619107593063,0.1999198530094172,-0.25853907793123354,0.04391343740604921,0.26828669635213387,0.09598021803888086,0.015916829929728905,-0.3410900767265987,-0.025380413235632518,1.0,-0.3689362113870954,0.061153974496977896,-0.19991724547997117,0.02239920315542561,-0.010599719664978002,-0.26814862857511296,0.0009862117999898062,-0.07651923944330521,0.20564898705468346,0.0007164665093655315,0.05646516717754126,0.3876727051513338,-0.16573212690511413,0.13010567687731683,-0.009799425286136185,-0.04550595164379218,-0.03832254055821418,0.015632498181239313,-0.24307564451961544,-0.18105138687496763,0.14275583962000662,-0.1271595896727326,-0.011825035717594863,0.14100104405669572,-0.04110430623101665,-0.13455648958117666,0.10893175242733938
93,-0.02361761104146315,-0.3304135208365252,-0.16850594070104624,0.2634485358633547,0.2917085753464071,0.047029713810248445,0.11257077208025129,-0.45461167671770575,-0.17253637598595048,-0.089143965674595,-0.12131383217881955,0.07474813341191368,0.09287735581449395,0.04014479399845583,-0.2004290211357803,0.1354324670889931,-0.014670275913671444,-0.1397775758883994,0.010853377898677147,-0.1406729565437458,0.015316674540857826,0.14456642911099565,-0.09929016476484738,-0.18299842985780376,-0.36724593784030024,-0.0422972022370047,0.1495294437723835,0.04087448799897372,0.10577090179607518,0.16630952554955594,0.05206895749767438,0.2013931527388081,0.013254297446891597,0.1102322057863182,0.26411641520650514,0.05589368552533813,-0.3512680021340751,0.10061645398477738,0.1829859519323962,-0.1873443992509093,-0.1404514673356087,-0.0796706471683669,0.2174801482983013,-0.2219718197513472,-0.004829303409870807,0.18669785670870753,-0.12451604829425528,0.163936862340486,0.23650728996422052,-0.019566377208804987,-0.014697941536010919,0.006896606774274598,0.21511202647904323,-0.19506657848919537,-0.06812437128572861,-0.1949742467766328,-0.2200074577389728,-0.06228898777822761,-0.034644297292357476,-0.3689362113870954,1.0,-0.06805207797561703,0.17864233434001806,0.2768575808010761,0.16762213534023349,-0.06736649200918557,0.29594533494969005,0.01477822477648867,-0.145441031339202,-0.04508241456461261,0.1038235117144382,-0.24368986809272172,-0.07003834442413202,-0.03683499724121959,0.30858474399650226,-0.11789044700136973,-0.015259650037414477,-0.005040610108584622,0.23208638438404214,0.16659569704895835,-0.11565825613000665,0.04070248396990516,-0.06736263288886477,-0.2014664784524623,-0.21201607659217436,0.21093486716101362,-0.2234241463168306
94,0.014404122845469648,-0.0790917250195238,0.29862303915319616,-0.05158135722279693,-0.1524165540559186,-0.3138687714959924,-0.1760751137391247,0.16774202563016438,0.2726987014637133,-0.017055415831106698,0.101920828864763,0.052684695966974816,-0.032830225175062226,0.06408451404993652,0.14470339013103467,-0.11854417479296218,-0.05350591037922438,-0.35313553013831805,-0.06575311792157962,0.20813646964682642,-0.19650733252406907,0.07982455206709489,0.19686738222181543,-0.31492203737625013,-0.04313704039995649,-0.08541736949336373,-0.14362733266074443,-0.06323129062134021,0.1112820095533528,-0.08104030721328906,-0.3813196526690474,-0.1847046274514906,0.11274885619020925,0.045879777756811235,-0.21720543284076288,-0.06563930226491893,0.023042452491964176,0.08120647416955429,-0.2364928610900469,-0.09208317147707834,-0.08273744738970763,-0.04595552246911304,0.07299907065299747,0.15117976942756045,0.06838300703461475,0.056330800059573936,0.4326418336988677,-0.044195938234652433,-0.2082592558013275,-0.07060035193719144,0.13088970298432312,-0.073673982205153,0.228981037779023,-0.13294005804182055,0.09505883148033915,0.016879960762859376,0.27357097546249787,0.20127406741514509,0.13228140861512983,0.061153974496977896,-0.06805207797561703,1.0,0.07741386860572011,0.10109538065636073,-0.07523736821514738,-0.17152860139431808,-0.3399737696758051,-0.12616784339349885,0.2997838164434074,0.3211093638247492,0.1248346796560229,0.22328758880558963,-0.050029505141649104,0.40463145005980433,0.024300174638572602,0.1002089989149189,0.05148309751934394,-0.15289145502689727,-0.02443577697329307,-0.2784265944842537,-0.22477174867410873,-0.013480156758297453,0.07914915235640448,0.09879591790683674,-0.10548371168348755,-0.018407334007201355,-0.029788632995824738
95,-0.1940165153825259,-0.14544045394255467,-0.270680523500818,-0.015779338170092957,0.3395755737370363,-0.014471895658365501,-0.11693480435352373,-0.12597558523530747,0.2620759050391295,0.03347800143673623,0.10987911654708439,-0.06322880706859066,0.007820326743899325,-0.24481409479362126,0.09532357338266573,-0.062138859884005145,-0.006661339944939499,0.011039679003719981,0.1725345306198624,-0.13956471028436207,-0.10000609565121475,0.12980638604183306,-0.28203640515811595,-0.08320244730583685,0.14406242223320917,0.02824494224566156,-0.1907826441225558,0.10764245444160474,0.4958344915519522,0.05460334497886714,0.2007421044800202,0.15906710633866475,0.3135958550808356,-0.3026930879608189,0.23056223897564895,0.1100901871981901,-0.20532409243839667,0.17831640481569577,0.09472143693251593,0.06423471184049023,-0.18765023799560893,0.1306510534609975,0.01674735310204519,0.05359130981221214,-0.10914995191891173,0.12217922111922379,0.05182159883789228,0.10621773591872147,-0.304506166567131,-0.0032533175598015414,0.20558223745620458,0.09171012738567369,0.16841627984316257,0.1565403367996359,-0.015561905638184905,0.41848963985832743,-0.2870261444389011,0.31840332326081683,-0.2675463164368265,-0.19991724547997117,0.17864233434001806,0.07741386860572011,1.0,0.16649300558453023,-0.10677384910960505,-0.04858502933179064,-0.08571603375093285,-0.14439969284817133,0.150797702070034,-0.14522841079527735,-0.014139749500935913,-0.22372745899391902,-0.06178428412856472,0.12590585041745425,-0.06332357507186527,-0.1496523901019169,0.3663261193878186,-0.15816566896062426,-0.026967199303950123,-0.06657657151044773,-0.07871905664110158,-0.10814578269888149,-0.15121183584265435,-0.1991119193707007,-0.05058800921380143,-0.2266265131545665,-0.4231310277752209
97,-0.24221397511847906,-0.13821293587119554,0.1594741179184949,-0.12890798638155618,0.07511476113524548,0.09892265134534092,-0.031722857924814246,0.0006997536387990458,0.02477572653139885,-0.13899992755494142,-0.22581442755825065,0.12655601440183473,0.18728923558238372,-0.03231582225682907,-0.2513330587817683,0.02005049449692805,0.17711153944144942,-0.09474238177812075,0.04873739186162073,-0.11331915522304233,-0.20629176766926227,0.009405191592010944,-0.028990008414405802,0.09315900686323261,-0.22627660831794055,-0.12495608004787599,0.0088779392470392,0.2634657589530785,0.12432341651936948,-0.04730792523724926,-0.12046061547757492,0.13912459196002486,0.09874744529245374,-0.17383646550499393,-0.06281267049892873,0.19070918597236888,0.08252336587015553,0.20196090749261458,0.018066512507330452,-0.07987939871698078,-0.07391461565468588,-0.29916599516714054,0.11394598715741916,-0.025764844373514176,0.020231654679343795,0.11018094379660538,0.010410844285420558,0.2889128160645628,-0.0024823071833823596,0.10492996668069483,0.11993034015852996,-0.027853709841145137,0.21449449951088911,-0.07812607533450332,0.07357604390524754,0.17802973212048817,-0.001580317759722661,-0.12117019873973776,-0.21351551021531132,0.02239920315542561,0.2768575808010761,0.10109538065636073,0.16649300558453023,1.0,-0.21838280460950119,-0.14765156376670696,0.12000587461547212,0.03109087429406526,0.3586806576607873,0.14650892770754834,-0.014454694815396778,-0.2857623793921357,-0.13321843381899603,0.00619707111042227,-0.11267007640757092,-0.055993401890874664,0.2900089409507324,-0.15644122132347646,-0.20321743838873946,0.1875467364247779,0.06025042831168077,-0.16931845612168178,-0.19166501213454643,0.04975417265505773,-0.2713588786943148,-0.14113646870955948,-0.11932072217505264
99,0.080912766265474,-0.07882533838310601,-0.1144216441991164,0.4769596346406889,0.16091253765839486,0.02911250552370487,0.13026268802672067,-0.19908005708463503,-0.1859906548543267,0.11933195409779068,0.18682089120138756,0.07149831860520367,-0.029817274608358767,-0.22884830943767964,0.030782481073233173,0.2081824605311898,-0.02817426556066026,-0.03396164863077373,0.10789299435432101,0.13904029837789522,-0.011571040373534595,-0.0785242605612314,-0.12900001268923586,-0.07224436277292492,-0.021718110933796525,0.10866087875575252,0.16359036199110222,-0.02699927790766634,-0.006933047227421699,0.017808014327792766,0.1317165657376265,-0.16772886073730942,-0.05542518306215729,-0.13676057227516755,0.06455744585356984,-0.21789119454081937,-0.0766036106230311,0.01828977324022094,-0.17126337120594703,-0.09399511826635883,0.1943365863294066,-0.12382324474105362,0.037131605159287685,-0.03773031975508072,-0.005981114075103628,0.06394101597462774,-0.1469111030752497,0.0364304158235219,-0.029151673772164065,-0.1632531491166622,-0.12749468032915073,0.17719441275023892,-0.03733841822462005,-0.09648028214698584,-0.06467435402029337,-0.10988653203333806,0.023755702381527785,0.2561104819774793,0.10982646972046875,-0.010599719664978002,0.16762213534023349,-0.07523736821514738,-0.10677384910960505,-0.21838280460950119,1.0,0.07489793915248039,0.011503983438232475,0.04226307743195511,-0.24309234470882574,-0.19636053595782182,-0.039718554519308474,-0.05426146652054634,0.21058811036877545,-0.0008070458611797234,-0.0671163826253561,-0.09060115433913797,-0.17180784237612673,0.13885168491740263,0.21624442677250388,0.0754738575449745,-0.17166923523277774,0.07243203214753921,-0.04833133318511429,-0.039057189489821384,0.04110509402914967,0.11439813555235961,-0.12514327878426218
101,0.33356585433738817,0.018710468550466642,-0.31105300688760557,0.04527628284748201,0.015788620429187175,0.08507591047627173,-0.022869646486111877,-0.25789129093446167,-0.015263339613534366,-0.18671294181272668,0.2888644604706596,-0.021180431545500495,-0.3010353782294544,-0.2554861517727244,0.2597827465219236,0.27077658946495203,-0.12127469465959238,0.17963494065086003,-0.08002138011703484,-0.293003695188322,-0.023161430221081216,0.10056108479870053,0.018331703843369795,-0.12937059591792388,-0.07916291144879738,0.14430700456320655,-0.046643264902563,-0.28554762981967075,-0.02241888066459924,0.24054217580736076,0.12596613930319112,-0.12342007710615227,-0.19893190033678987,-0.08301708050171142,-0.3048889175187363,0.21434813703034006,0.04372959601545555,-0.2316321132805327,-0.060228356302065765,0.23124171195839913,0.014075339270264392,0.15360890067314392,-0.2583911192531609,-0.20995839368000377,0.22753539125659544,0.003098606405632192,-0.14636915036982392,-0.013153590413795185,-0.10073921715845027,0.00446822930446834,-0.09236646437180882,-0.1495203928953256,-0.1763424760687994,-0.06496946807083277,-0.15776544410631643,0.004996116957320178,-0.0839041435635595,0.2925946375868054,0.2973754500368674,-0.26814862857511296,-0.06736649200918557,-0.17152860139431808,-0.04858502933179064,-0.14765156376670696,0.07489793915248039,1.0,-0.0036733499841976338,0.009267796244150988,-0.29600082949933104,-0.10632602562262441,-0.08743177113940791,-0.11559891269314522,0.15532580574621604,-0.32338357045919147,0.2013024765742857,-0.010543184861063313,-0.11240230238780874,0.14245871565628954,0.019036345177376936,-0.05055639581245735,0.025987777481405412,0.38523249091158634,0.0646971517280411,-0.06373838344257378,0.39196827701942216,0.12745341396541018,0.1894637797356579
102,-0.1416934550219942,0.06888822724219398,-0.15515700457136675,-0.03791561330359549,0.005553595083779446,0.19979785818178758,0.2020858144827606,-0.36698731636378645,-0.0971161976439154,-0.14698415631303186,0.004589513912203564,0.09902351533321735,0.2158107779040616,0.11933423379248487,-0.1429767438389775,-0.14149724503618047,-0.22346396442456445,-0.019877258056864005,-0.2944728324371651,-0.09172264593191168,0.04741486594407554,-0.0797974071196689,-0.024555708618590747,0.000971662273790468,-0.09213340893131854,-0.16043147432402097,-0.014503877136863835,0.010236506839168965,-0.2370962530053346,0.10273016920673192,0.07467780531490467,-0.04760647823325851,-0.01823395779461212,0.21826368004719013,0.11776732814610848,-0.036844626415306864,-0.004728651333029061,-0.10757128185700024,0.19939836896982666,0.2268318864046195,-0.2583173718842955,0.15328010956776253,-0.05595810434402365,-0.10652452569832553,-0.11986719471157735,-0.17404615697222223,-0.2776277548671718,0.12547886071950146,0.7368910854370794,0.3031658169747645,-0.030874561561961774,0.044035390251184255,-0.1919684661637915,0.004882260201498603,-0.0038095315513875633,-0.10669509659586583,0.02711374480616014,-0.36057596656394275,-0.04406042714105531,0.0009862117999898062,0.29594533494969005,-0.3399737696758051,-0.08571603375093285,0.12000587461547212,0.011503983438232475,-0.0036733499841976338,1.0,-0.007570497135062404,-0.1863234120826996,-0.22573058797105777,-0.2207799704465748,-0.019204929042079953,0.04369812587755539,-0.15782092359430042,0.2129822462115187,-0.17647210949506878,-0.382615853566283,0.09234053969141656,0.13208103486720132,0.09804356064377633,0.10548071125775389,0.1446360505237607,0.07247752879733868,-0.3284275083723975,0.06776703328248741,0.022740832488131992,-0.06849087082563858
103,0.05730809544167923,0.061609148742947144,-0.1489079420243053,0.2433037553395353,0.12667360288974522,0.2871844678060609,0.16596873097553877,-0.11904082486884544,-0.22596235246419483,0.06351391550614112,0.07721791310182612,-0.16826785341914524,0.033191182295272244,-0.15739824417083523,0.1591829343944532,0.11692508888252622,0.07701014090212814,-0.07317595234739009,0.1541445613758404,-0.03417634897967193,-0.0850673681689126,-0.28435478373130463,-0.06605430191402757,0.11998525005557299,-0.07866322861327144,-0.2985043872890142,0.10452623909658924,-0.06746248387734435,-0.00268896442935377,-0.24560737372680513,0.10007312143964792,-0.20756361627913492,-0.20099415932995177,-0.140852423882682,0.059043351068812186,0.16990295211225215,0.06851102543885562,-0.1880965610636417,-0.2583698588661016,-0.05651577531976404,0.11902474631414658,-0.03719635024799636,0.3620491864507313,-0.03205575331221901,0.13104238195040868,0.006102419871671607,0.20348735953940758,0.14517088103533457,-0.04148666158181061,-0.3390398303639633,-0.15459124876654268,-0.01743839309546764,-0.19155327154332694,-3.45737580056834e-05,-0.03057732131622512,-0.05161171154378295,0.05695958646739588,-0.13600562090938223,0.03983203972409827,-0.07651923944330521,0.01477822477648867,-0.12616784339349885,-0.14439969284817133,0.03109087429406526,0.04226307743195511,0.009267796244150988,-0.007570497135062404,1.0,-0.1967180758342466,-0.10223816544188886,-0.043128211432622326,-0.18913698364385007,-0.03745331582596977,-0.15297051342555912,0.09144324647491156,0.08354310542236842,-0.04293443570876966,0.21389869019813082,-0.007322099900785471,0.04148455809920928,-0.046471619229376766,0.0779150934143149,-0.07717404081350909,-0.15434815240355337,0.0051626137427345595,0.11645271241393648,0.034672391595702734
104,-0.08016956740360212,-0.040176981677788236,0.19636925448492387,-0.17003791923471598,-0.20735480093765968,-0.0206286584636657,-0.061123982873421315,0.1661870284169008,0.13815377311213412,0.07774616987460083,-0.1385732231330467,0.06456001307369615,-0.06064947338193154,-0.03215026628929519,-0.01545110771433557,-0.04933632149770466,0.10192548772452216,-0.011093202397501289,0.06212001577472481,0.14584103567029777,-0.21095316483058071,-0.09230697527801231,-0.18401577847142706,0.022935359179415745,0.08016937717476696,-0.34192638824958543,-0.2299934855966373,0.4017692930101325,-0.01737688435188292,-0.2620367929906968,-0.08822346205951476,0.2648278057549412,0.22505379582470086,-0.13406517322373931,0.02596938424409502,0.04865762772525221,0.12147945341427542,0.4118101826560364,0.030477930844206646,-0.03717352828101197,0.05738361757191956,-0.09952382610000261,-0.016536370357383215,0.23708878035893585,0.029909855134486886,0.13250030083197192,-0.05539437375804268,-0.10735834294288063,-0.20466245809250957,0.14240342304609632,0.19950897199280695,0.14727607735819578,0.1620972669904521,0.04367356904684634,0.09756665287127321,0.45524287580446654,0.07008926199412352,0.03419207355074933,-0.07064857279807822,0.20564898705468346,-0.145441031339202,0.2997838164434074,0.150797702070034,0.3586806576607873,-0.24309234470882574,-0.29600082949933104,-0.1863234120826996,-0.1967180758342466,1.0,0.2921573632959172,-0.0526960084969676,-0.13384386620191094,-0.027198863084171597,0.21854261015726884,-0.2390160433563582,0.04511987971235806,0.33864116933838867,-0.16924901977480822,-0.22396004336754205,-0.15795896965660067,0.09795064800452508,-0.31457815100592995,-0.28161704239712887,0.00837730664583461,-0.4050270610966921,-0.1518969798147818,-0.103095020337162
105,0.021776334500418017,0.025074978564338386,0.22597834037177877,-0.19346694911924395,-0.13050782557097626,-0.14550708948886698,0.11846063289341077,0.12073381787346954,0.11175282277012602,0.24497946882974003,-0.0062905337717471255,-0.002830458949177466,-0.08798027879347459,0.12209017497855972,0.17877187097412972,0.14271277602503776,-0.0016077094153958639,-0.20410684494801604,0.13557839737443506,0.1450130982886399,-0.2560911706718764,0.04440109977824515,0.27641814642328616,-0.003449271794469304,0.05963164635314343,0.04918390982934639,-0.19853952567111394,0.16113996122021884,0.15328812959842164,0.02860477052435744,-0.23063797392551927,0.07588964171612377,-0.02618922120229357,0.06622929870930315,-0.07042033619005657,-0.1361474909469586,-0.12584430719974385,0.10874967153442239,-0.14868880313823923,-0.2025388371076601,-0.22121913306485763,-0.1394842221550019,0.10767593459779161,0.1403882358042406,0.12292603803271758,0.19666336092355952,0.30461374660615054,-0.16890970483832776,0.06832009874146971,0.02120162993204381,0.1439753497327238,-0.099581391096195,0.11229968158046867,-0.08138828225292649,0.07767867845398882,-0.07957438249577246,0.05388048091535652,0.14975676964920898,0.24125914998898457,0.0007164665093655315,-0.04508241456461261,0.3211093638247492,-0.14522841079527735,0.14650892770754834,-0.19636053595782182,-0.10632602562262441,-0.22573058797105777,-0.10223816544188886,0.2921573632959172,1.0,0.2441291478982857,-0.07659853074167228,-0.022945620200586603,0.31242398587823883,-0.09714586983954375,-0.03016273442449182,-0.025116691056955534,-0.07954610513053426,-0.029430553115685033,-0.19796049447526098,-0.16729056845763618,-0.16599276379522568,-0.111564667847773,-0.006791095242910319,-0.2340073839396555,-0.14508964909327776,-0.11551180682529816
106,0.13439915582922585,0.21004128097576114,0.04017025525230234,-0.10956869816922654,0.17493799067362176,-0.33729449076477275,0.10562698657423272,-0.07330183870067906,0.04567468587012721,0.18345339674086714,-0.08358448000823449,0.06761557145774665,0.012541945954836412,-0.183392390902991,-0.05449813267051486,-0.2968343819299281,0.13020039718882323,-0.20901974553067854,-0.18425471318066922,0.1221120118326645,0.10634300922564817,-0.19129190603316526,0.11975000722077227,0.03573158623864104,-0.04640466431681096,0.12379355587757841,0.19968367778231794,-0.049013755362333794,-0.0895055309101972,-0.11457094126212225,-0.15621915550989124,0.11601236543511458,0.01080786134296172,0.061068126952674044,-0.02887059021138586,-0.29516700641676064,0.15584750044522733,-0.07636000839864475,-0.11306827783181346,-0.20176773022965075,-0.014140779866707358,-0.146904614384361,0.06196499085165464,0.10833694503405356,0.20927194261440957,0.3697188785963486,0.2905720722859134,-0.18232564510774715,-0.09860617907095802,-0.09189245008374922,0.041539832332187616,-0.2051917567436678,0.09352500175294007,-0.33489902989047066,-0.0029039621256421976,-0.027366346953464467,-0.057141564993140916,-0.022461101629588025,0.08482800872628714,0.05646516717754126,0.1038235117144382,0.1248346796560229,-0.014139749500935913,-0.014454694815396778,-0.039718554519308474,-0.08743177113940791,-0.2207799704465748,-0.043128211432622326,-0.0526960084969676,0.2441291478982857,1.0,-0.04013886531630004,0.0010617318339582974,0.017370807896418216,-0.05676842054556999,-0.06343802860560643,0.005529375860117731,0.19761772246172132,0.1162653679590854,-0.0374899806954245,-0.0448728754128421,-0.04808589261835423,0.1270743093596767,0.1036652271858008,0.14517627246744266,-0.19923180427771203,0.03511543920892783
108,-0.09068340914881387,0.1748851114850289,0.11088307386549648,0.10939017185638028,-0.29085175547144626,-0.13060696418690426,0.12098308367583664,0.2093081684442726,0.14196819571189098,0.06388718868447843,0.013595334471497076,-0.18687492831769742,-0.17100347115101971,0.1931153550382574,-0.09404552788395537,-0.3731442220168963,-0.17139362112718906,-0.1391179210558557,-0.06805141470266202,-0.039790026295520635,0.38272237256214403,-0.026502852649044024,0.24565082175920344,-0.008318973336175348,-0.059631490990775,-0.01840705481792709,-0.040113111965864104,-0.16297725413801142,-0.219270822169008,-0.11389714149255661,-0.22231174020501193,-0.06534760100782479,0.07297318048251665,-0.03542023953415666,-0.07159744136515048,-0.1009490529086932,-0.04387263692081329,0.010592846212929653,0.08856031218135736,-0.08832146076954059,-0.02731987229932349,-0.012080499670296617,-0.08925251121864562,0.022990747042598136,0.17959886276909526,-0.3414701409902991,0.2879788483313224,-0.12198675016546441,0.07739204677117352,-0.041959399366301914,-0.013907900737601786,0.1652427204471939,-0.17363086468062097,0.08638336465517776,0.2340021788124668,-0.18967857317248255,0.04824400106868045,-0.13699086093731824,0.25536600274914595,0.3876727051513338,-0.24368986809272172,0.22328758880558963,-0.22372745899391902,-0.2857623793921357,-0.05426146652054634,-0.11559891269314522,-0.019204929042079953,-0.18913698364385007,-0.13384386620191094,-0.07659853074167228,-0.04013886531630004,1.0,-0.12462742018320985,0.1776015899926336,0.19909721123951685,-0.21990104203628813,-0.21278308281681604,-0.25158221489956617,-0.10185057842479305,-0.07523027578187937,0.022703762254764722,0.20738028674153003,0.14837126871245784,0.013090608085089807,0.2109542818352633,0.06941659010399151,0.2651648158523493
109,0.06952295566311081,0.1879886583381546,0.012240370502180447,-0.0863015905267258,-0.05012186530484731,0.08354195019174009,0.042388935272081936,-0.26329869840867576,-0.07722625787391758,0.10638500193123078,0.12279115875584364,-0.14819778559437957,-0.03125826459909078,-0.20781253630090116,0.08360491050736626,0.19779901798381985,-0.08918746992295166,-0.18697296883521092,-0.2855750712728886,0.14946588525276233,0.07464636857015296,-0.0217115225205248,0.1990526730249165,0.028949359279361955,0.2052290592406598,0.17268600147631027,-0.07218849075131847,-0.1483122601653818,-0.03202882654601947,-0.11995532366900025,-0.04605516856094493,-0.1649950223363353,-0.10921105209099893,0.02142044817667457,-0.19471218368764906,-0.084303592488204,0.03786155857086974,0.08815273201174842,-0.13480236509773136,0.08163947764255008,0.2119823944963207,0.06407875514499548,-0.1910392967909206,-0.04314494001006371,-0.12786079025017374,0.2857639772436898,-0.21569026346420475,-0.2639057382702689,0.14673694825825814,0.1694529490023153,-0.09197074584143214,-0.1364783625940875,0.09378428988963367,-0.2765618833159279,-0.14090794982464938,-0.018552247212225887,-0.12745902091886246,0.2157994013288693,0.2940688607117474,-0.16573212690511413,-0.07003834442413202,-0.050029505141649104,-0.06178428412856472,-0.13321843381899603,0.21058811036877545,0.15532580574621604,0.04369812587755539,-0.03745331582596977,-0.027198863084171597,-0.022945620200586603,0.0010617318339582974,-0.12462742018320985,1.0,-0.012837025520193055,0.11112166325977758,0.14891326509456804,-0.13726617978210567,0.036540016317952353,0.19111755399586072,-0.08341682911324613,0.16880462441766184,0.2376474145594368,0.05714669550480239,-0.029117999659889964,-0.137434080449967,-0.03791733861013386,0.16746647540849596
110,-0.16539753664538245,-0.03595250016155041,0.33579832048997826,-0.06575861118361342,0.1925882656704172,-0.2634688068241797,0.17856101615540998,-0.0034299604640856776,0.27160838236603874,0.3927376468331033,0.04589707291955534,-0.2069246514100426,-0.01148335882905304,0.2143474097091944,0.01576646249842372,-0.12383674593129976,-0.07456607535262612,-0.402345665730351,-0.04796412381107233,0.2837111040953419,-0.14782438937715717,-0.0637094468638093,-0.094815053131054,-0.0990497865727388,0.21292102861548046,0.20429695142040344,-0.07508158271234892,0.24222061411954032,0.1376277791170705,-0.06276647854176785,0.0038036816129355683,-0.14969082096771802,0.0051542918531336905,-0.04087518636722223,0.3619635188742534,-0.3283200907426735,-0.18328439169928812,0.449190502233329,-0.1692848357032116,-0.20280635764794339,-0.05607004212022301,0.008092156977597227,0.22138884138106935,0.23764289584649653,-0.12694981232563995,-0.1298446248668815,0.23068604318140964,0.20199546539642732,-0.16677610120127068,-0.023847572376664652,0.43820946116444154,-0.020905032005202103,0.08494209112714195,0.08646076765705703,-0.13377003223675285,0.12102124498318668,0.03080082130170227,0.21054668739601842,0.06467762970741366,0.13010567687731683,-0.03683499724121959,0.40463145005980433,0.12590585041745425,0.00619707111042227,-0.0008070458611797234,-0.32338357045919147,-0.15782092359430042,-0.15297051342555912,0.21854261015726884,0.31242398587823883,0.017370807896418216,0.1776015899926336,-0.012837025520193055,1.0,-0.17191948601436824,-0.07979108169418801,0.064305365516133,-0.21005743562625084,-0.16494799020676146,-0.2181175003408158,-0.2714084854358822,-0.16547599042996927,-0.01651855888389917,-0.09867849814163593,-0.06645034107677597,-0.12640383839963792,-0.3213108961005848
111,0.18315835792351953,-0.15381983363388338,-0.039911817870497725,0.23501617979552847,0.06793162881255457,0.12642265835179584,0.10538678979945901,-0.3767516132977066,-0.03544384282652629,-0.16758029989389536,0.13546142706017864,-0.04109415966668777,-0.05031830110227352,0.0423782333150545,-0.2835916900780851,0.08831911099720216,-0.15512291695494254,0.08576029002959815,-0.008860392432236337,-0.22271877903731072,0.18425846458870893,0.23348199434643127,0.15353406892807908,0.06761119565583407,-0.3167213222178938,-0.10034864120336352,-0.26893745542941133,-0.2652111932291779,0.05444446306472449,0.09566447784768076,-0.1470284820901111,-0.062210020245449985,-0.03510931679611716,0.07893643296180171,-0.18135273458757917,0.009153993902780561,-0.3104972502005432,-0.08632383751141418,0.05389803897899554,-0.030544889826863517,-0.2416610718754195,-0.05628103813360363,-0.024428460254848336,-0.2302509770600657,-0.10748853636057354,-0.06831371265094856,0.009924552810862158,-0.14241951624344437,0.18637376143716017,0.18349417702227452,0.23501124878672922,0.0734326220979601,-0.05398107109603472,-0.1975064288710631,-0.08219538945821905,-0.24066247771112934,-0.07875648633492552,-0.28420116382185956,0.3746749599287912,-0.009799425286136185,0.30858474399650226,0.024300174638572602,-0.06332357507186527,-0.11267007640757092,-0.0671163826253561,0.2013024765742857,0.2129822462115187,0.09144324647491156,-0.2390160433563582,-0.09714586983954375,-0.05676842054556999,0.19909721123951685,0.11112166325977758,-0.17191948601436824,1.0,-0.08232867268875067,-0.16584048350824482,0.0027827948261153375,0.07349154326519686,-0.210615363036908,-0.16404392898555067,0.33876511177817015,0.10636272008715428,-0.2757816505261638,-0.006114721099132371,0.34571318153613145,0.26561594144982026
113,0.34484173380272437,0.12516755169832305,0.15505898769375764,-0.08589129837433485,-0.06746778335785607,-0.06363882558603594,-0.29870462080001886,0.11565885403553759,-0.28207081024907066,-0.11194271869149813,-0.00587923708556832,0.007530315180829275,0.049542982351050535,-0.08455815214824026,0.0052085740949936125,0.15808545201683313,-0.11635124375559637,0.03430549775662147,-0.13715122289495713,0.13217258534464718,-0.18796899070738052,-0.008545659723421502,0.14955223481636826,-0.018643592954343924,0.07840407499645659,0.08754843404082789,-0.026281594050246243,-0.22194821085234923,-0.027197325810267493,0.20501423644052788,-0.15342775346347282,-0.12456862961212048,-0.07564248546851035,0.2851531716351455,-0.25142283735323895,0.21335820009118125,0.25949489602224957,-0.18302090260990547,-0.2652503264071932,0.019332343921469056,0.08249351108148084,0.11111033057219728,-0.19102608546384559,-0.06923402041258396,-0.06166603590368338,0.12164811545899684,-0.048495175861196976,0.14638374142537386,-0.0122024510428079,-0.022733753261360887,-0.14126792765321758,-0.31941190865342384,0.002692930156807443,-0.16241214759152953,-0.11953897766470786,-0.19132436499468347,0.1863080981165563,0.030596895915279573,-0.025778209670265614,-0.04550595164379218,-0.11789044700136973,0.1002089989149189,-0.1496523901019169,-0.055993401890874664,-0.09060115433913797,-0.010543184861063313,-0.17647210949506878,0.08354310542236842,0.04511987971235806,-0.03016273442449182,-0.06343802860560643,-0.21990104203628813,0.14891326509456804,-0.07979108169418801,-0.08232867268875067,1.0,-0.007051173351917237,0.23617357809167447,0.2227784170881374,0.026823035547494906,-0.16712954705685557,-0.04862128481186047,-0.08688784231941472,0.1743909295040767,0.05877416018360069,0.061365708172164836,0.08846942203722084
114,-0.18841747093377606,-0.2551762074293589,0.1943575077961346,-0.13373428310143617,-0.04062162045857589,0.07351548377156342,-0.18386672470120213,0.10758177942377505,0.05920989122615187,0.02883141008912399,-0.2523488412233615,-0.08830178447156084,-0.11334375969055399,-0.039696232583919654,-0.10315589573042036,0.08733056610571763,0.40768529472922904,0.09144893869464008,0.2957397033355689,0.110888358948157,-0.15616564172161249,0.19709680406678975,-0.23034136556022972,0.09188704822091516,-0.0233714541122716,0.05341887316083235,0.1697110028603367,0.14639572524698843,0.22347375837601965,-0.09069729176960033,0.08241964547517497,0.35449306875541425,-0.014731563966498542,-0.21602447789647494,0.06268285916681085,0.13669770509243248,0.05336083302088783,0.0430088461470979,-2.1734070949759294e-05,-0.18051189802106085,0.06842369322179385,-0.21440265552776736,0.2082166667778391,0.13489050406144212,-0.09578683231598148,0.11242524435217387,-0.18161133788691336,0.17646778726075008,-0.35125675718092564,-0.18189825504075002,0.23162738113953366,-0.01362684865586612,0.32702928462681746,0.06900892221853122,0.04596654608207676,0.26925835644646884,-0.1439199825887252,0.006527824088152416,-0.3509853250844473,-0.03832254055821418,-0.015259650037414477,0.05148309751934394,0.3663261193878186,0.2900089409507324,-0.17180784237612673,-0.11240230238780874,-0.382615853566283,-0.04293443570876966,0.33864116933838867,-0.025116691056955534,0.005529375860117731,-0.21278308281681604,-0.13726617978210567,0.064305365516133,-0.16584048350824482,-0.007051173351917237,1.0,-0.11725945033260048,-0.11774067333463187,0.055440515971019295,-0.09472046450822116,-0.22194246390283237,-0.15895954589444433,0.03271476327183728,-0.14708230747480713,0.030508440703054526,-0.23964820659759697
115,0.27202072814099865,0.06695530792835373,-0.0018130399232247976,0.19762814126308836,-0.01943711755175814,-0.17578756191935285,0.0921985056060001,-0.03073409485300009,-0.17060697769674088,-0.09713189229603861,0.030789313044058315,0.08298666078705655,0.10899952838029789,-0.14962113588180403,0.0054502441901910685,0.0023206152294133085,-0.02875540153753396,0.04785916408185772,0.00013335923064368763,-0.02659433649932584,-0.02329822780435644,-0.17033947580016848,0.04869674333986853,0.12242344980762303,0.036340566415332,-0.17172860965420844,0.2341956611427121,-0.045068051956639155,-0.1377249366253136,0.03590666805929781,0.11694399714856933,-0.17235419651545603,-0.1304818537048579,0.19868988205384452,-0.1474651258626406,-0.12025132665239245,0.19288641729168346,-0.4227127807220571,-0.3690445258289927,0.11132994088191524,0.029001828535698833,0.15180221309834982,-0.07316863990941615,0.0035763954076015927,-0.04666947263513591,0.10156022434802649,-0.11628444626010806,-0.04051067503973238,-0.16215397234454945,-0.151023404844829,-0.11949593542687255,-0.25506636666456634,-0.036829839548765106,-0.04523690599194698,-0.007473339407040757,0.0035778701182568214,0.09899607340910947,-0.04683501977799882,0.006829458660047377,0.015632498181239313,-0.005040610108584622,-0.15289145502689727,-0.15816566896062426,-0.15644122132347646,0.13885168491740263,0.14245871565628954,0.09234053969141656,0.21389869019813082,-0.16924901977480822,-0.07954610513053426,0.19761772246172132,-0.25158221489956617,0.036540016317952353,-0.21005743562625084,0.0027827948261153375,0.23617357809167447,-0.11725945033260048,1.0,0.20174778040527075,0.13438645253963893,-0.15900857902191964,-0.0844721106994528,-0.16817799191053798,-0.04723276056040908,0.09602594735858647,0.06325911171263132,0.0073665010388194495
116,0.03467759758457575,0.21196829431285363,0.10212487488164404,-0.04246167188146652,0.051295734349977744,-0.20797486486703118,-0.13217113636341485,-0.15125863790389502,-0.09983895248437713,0.013460537551597563,0.0492554471842806,0.038022491039762824,0.37096992539608026,-0.16292775604102544,0.04544528284942583,0.11749835739436254,-0.12302102582612848,-0.123702315487143,-0.020768180824275874,0.21677084553015022,-0.24045936507855756,0.060925538729573424,-0.05695055292110882,-0.1722561845033937,-0.18983653355452193,0.012151879307260539,0.007620273582193069,-0.2989388433778367,-0.12573484567038948,0.04742150579487323,-0.09182253489017345,-0.193682969831389,-0.06122785505252131,0.2637664355522792,-0.16403695300514004,0.18254765940981454,-0.008453105519969523,-0.30520659796526517,-0.2040323532000642,-0.16909978508574844,0.144924014675297,-0.013414613287889817,0.040363069524045954,-0.10002263376390358,0.027282939424279885,0.21498034654436016,0.01428557743787669,-0.09868276289792906,0.2782514066501766,-0.05272875720745498,-0.22775409906757713,-0.2455588366805817,-0.04106253062042545,-0.11229233091487756,-0.0738402027102035,-0.20755701446180255,-0.028972045862510693,0.018295102966215542,0.06054519104015761,-0.24307564451961544,0.23208638438404214,-0.02443577697329307,-0.026967199303950123,-0.20321743838873946,0.21624442677250388,0.019036345177376936,0.13208103486720132,-0.007322099900785471,-0.22396004336754205,-0.029430553115685033,0.1162653679590854,-0.10185057842479305,0.19111755399586072,-0.16494799020676146,0.07349154326519686,0.2227784170881374,-0.11774067333463187,0.20174778040527075,1.0,-0.0495942115008141,0.06750436077579683,0.14255417662115594,0.06318658650426848,-0.03486679424564539,0.05936758935565362,0.059877216803207324,0.10233801744080227
117,-0.0369155751251265,-0.1809681276981512,-0.15676812519186298,0.019222582244713873,-0.12650052624495833,-0.06724029020448415,0.048642951035465544,0.06685501590509296,-0.19122851727593648,-0.21026567799668247,-0.2252868880232474,0.04292749754458809,0.161234103558235,0.11410248017460085,-0.09342869329246421,-0.015841610878556414,0.0979044305407043,0.09139449992105476,-0.15135020877546929,-0.19315263023031637,-0.021295078939912882,-0.09203463602804986,0.06254923852401226,0.08963955867262681,-0.019204647600914063,-0.01125289354742756,0.4298182703900994,0.05723519234925269,-0.012529844420794616,-0.04743081670416698,0.050015072233591217,0.08106696340804387,0.05612281488344607,-0.2078889625630688,-0.05103344133201778,0.12829165415330201,0.12270537489567712,0.008634149122759038,0.07376754835190562,-0.09580216251688735,-0.15407755620296174,-0.02836244515552534,0.013402015190531871,-0.07238354094855923,-0.0025799042936664545,0.005869426931470429,-0.15341211500367125,0.14799897914973636,0.19779836757117802,-0.3547618569828638,-0.3434910517283465,-0.03969676696795184,0.27028873241051277,0.07651543164724306,0.2303085060173032,-0.14416042883088395,0.028051755824872234,-0.14561788412203255,-0.2781552665353093,-0.18105138687496763,0.16659569704895835,-0.2784265944842537,-0.06657657151044773,0.1875467364247779,0.0754738575449745,-0.05055639581245735,0.09804356064377633,0.04148455809920928,-0.15795896965660067,-0.19796049447526098,-0.0374899806954245,-0.07523027578187937,-0.08341682911324613,-0.2181175003408158,-0.210615363036908,0.026823035547494906,0.055440515971019295,0.13438645253963893,-0.0495942115008141,1.0,0.18543653264554807,-0.02338518496435403,-0.03618115316318944,0.013985371536605977,-0.0639871226960679,0.06580459814880221,0.021972117369745647
118,-0.3233448873146628,0.13389500652761793,-0.18417070673934163,-0.29930121542128857,-0.05233059831747943,0.06334855781094384,-0.14686152294035687,0.07481128117034394,-0.08535102305842104,-0.10609518688812485,-0.003448739204137138,-0.19302647130954206,0.1404329515928726,0.025866788268549525,-0.0824845224143966,0.020364938595876802,0.1968446301147614,0.07333271485387498,-0.12134356208145032,-0.1630552794638625,0.0763045934978711,-0.17309834705104685,-0.024337883242063187,-0.0395118385533979,0.07130479994376097,-0.2013907028273388,0.06631267680511373,-0.11962483846105841,-0.20782225509776078,-0.2282172810793958,-0.07024503042558009,0.17988194473418495,0.22714816747971214,0.04131738732104854,-0.009032250156971238,0.23126684812299472,-0.043948007857307556,0.018833659333174962,0.13539548517026762,0.28168712923707273,0.2647414854448086,-0.0492947762136884,-0.10729179343396204,-0.07469229310070824,0.18177378908403155,-0.07635639480358375,-0.09891230097153614,-0.20114187693227234,0.16251391345833477,-0.0021447835142278365,-0.26859389837337394,0.14707318179475273,0.010078535134009386,0.02987657171425302,0.029497049912898327,-0.11646344834233588,0.04539975266914743,-0.13698600952370588,-0.03748018459447413,0.14275583962000662,-0.11565825613000665,-0.22477174867410873,-0.07871905664110158,0.06025042831168077,-0.17166923523277774,0.025987777481405412,0.10548071125775389,-0.046471619229376766,0.09795064800452508,-0.16729056845763618,-0.0448728754128421,0.022703762254764722,0.16880462441766184,-0.2714084854358822,-0.16404392898555067,-0.16712954705685557,-0.09472046450822116,-0.15900857902191964,0.06750436077579683,0.18543653264554807,1.0,0.014998523002621696,0.31604198417172935,0.04829211380430295,-0.1728124379658573,-0.25601612333849705,0.1291289935666572
119,0.1369796267759053,0.1551895689207074,-0.16740161872991424,0.1720093543846299,0.08990582895672684,0.1402838593956356,-0.15049780034352292,-0.26879374355368146,-0.024072257293940778,-0.22392175946790843,0.11160868956269891,-0.13450271272910472,-0.26029493591810504,-0.06145994195975426,-0.043326883358232204,-0.012309040368068944,-0.13569075264297234,0.07685631412384791,-0.17054960196713218,-0.12031682416044655,0.06578404206040421,0.08898600751580057,0.2241090212098228,-0.03441034838436675,-0.13000646672951865,-0.05069637438471696,-0.0590301935383494,-0.2804648697786009,-0.0437211599896873,-0.07858007571409868,-0.22512362916434422,-0.13748447414002,-0.24776203039362446,-0.14014824203967421,-0.34482591165204274,0.1718870251666066,-0.020841149245051847,-0.26635923949025053,0.058399172317853756,-0.05943616160412315,0.07352495711505178,0.09524059312792582,-0.07393202995818439,-0.20220709954550137,0.1090888343620493,-0.27302369714755814,-0.04942349136672752,-0.27262693858199927,0.12987942954514603,-0.05093903548764042,-0.02198361303274745,-0.12450759631603776,-0.17768175448541526,-0.19194229978908703,0.02179746353481155,-0.12882916595841049,-0.016888735868150633,-0.0677462619759232,0.48009299662680005,-0.1271595896727326,0.04070248396990516,-0.013480156758297453,-0.10814578269888149,-0.16931845612168178,0.07243203214753921,0.38523249091158634,0.1446360505237607,0.0779150934143149,-0.31457815100592995,-0.16599276379522568,-0.04808589261835423,0.20738028674153003,0.2376474145594368,-0.16547599042996927,0.33876511177817015,-0.04862128481186047,-0.22194246390283237,-0.0844721106994528,0.14255417662115594,-0.02338518496435403,0.014998523002621696,1.0,0.2281954431496076,-0.1804529692171093,0.4368967370230418,0.3939720412739924,0.35714582228747604
120,-0.24512430887006234,0.1424512199579944,1.8866543000084182e-05,-0.09125694392833106,-0.08660140720372075,-0.11272871893009342,-0.00038570792305507503,-0.11595520850106665,0.025871960031811914,-0.21713216020055012,-0.07921583601473933,-0.1836964820766789,0.038274398745936605,0.03147449433398803,0.23397693353571988,-0.16890011731063598,-0.1129623637197682,-0.1349614545584861,-0.0942830956959411,-0.1907297674675076,0.2102024564950266,-0.05565526376864144,-0.012755491914067319,-0.07176545071710073,0.03480483723488666,0.02768183646161567,0.17193262015595812,-0.15328368925348398,-0.041313326885444215,0.09393294317508039,-0.3217660691715324,-0.14075132185265066,-0.10978487947779679,-0.03397289003777293,-0.10602621337277633,-0.09952375849249305,0.11394765762068082,-0.1477938647678315,0.014170141736141458,0.301367161943449,0.07590521823006388,0.024975438696268334,0.1569121529649189,-0.06717011858402035,-0.17768798810037403,-0.061075458712554556,0.056704614019331176,-0.17651227731488092,0.24708081040079324,-0.08919943593404694,-0.012909232672550808,0.05186576334870946,0.07710352138791186,-0.26026602459815334,-0.21124426736113447,-0.21939127998059202,0.20060677529689802,-0.12151584812291082,0.03957150277683627,-0.011825035717594863,-0.06736263288886477,0.07914915235640448,-0.15121183584265435,-0.19166501213454643,-0.04833133318511429,0.0646971517280411,0.07247752879733868,-0.07717404081350909,-0.28161704239712887,-0.111564667847773,0.1270743093596767,0.14837126871245784,0.05714669550480239,-0.01651855888389917,0.10636272008715428,-0.08688784231941472,-0.15895954589444433,-0.16817799191053798,0.06318658650426848,-0.03618115316318944,0.31604198417172935,0.2281954431496076,1.0,-0.12011700528183324,0.15382632863611173,0.12041997834802305,-0.01751908159974799
121,0.2742140484120102,0.21807497573327053,0.17894342624163956,-0.1710032940551354,-0.1374963500899643,-0.09268589392882269,-0.2909946647308933,0.3990125432045936,-0.08775310943189507,-0.12148418622051542,-0.1738897396234365,0.43539658135386233,0.0924628813685555,-0.13698615885017387,-0.17228473445751885,0.11475139247845832,0.231411882065946,-0.004020385194832325,-0.10464036171360958,0.11201443012420194,-0.07453057565377591,0.10922905870280057,0.10389392242584715,-0.14763377245362436,-0.06675099421935327,0.060341462525657676,-0.1175989009913278,-0.20947511654252393,0.05017067136477384,0.07117468776068747,-0.12009908884495113,0.02961312332102479,0.03171428081837098,0.17018778417946634,-0.1762973403516663,-0.015055216680506384,0.022994538069883042,-0.08735503553369361,-0.14987743516523166,0.09136633352322326,0.029304234241448436,-0.048501489476186294,-0.06522024461817216,0.13937554558835483,0.13773869141565984,0.1649401082573012,0.18931388432784238,-0.0185378453529148,-0.2766526577941347,0.03887076383306135,-0.07468543708631611,-0.17181022520858663,0.12010455825612842,-0.11576222892922475,0.11751062401715945,-0.10137169310379253,-0.20128607030823736,0.16576861584134978,-0.10386324990611677,0.14100104405669572,-0.2014664784524623,0.09879591790683674,-0.1991119193707007,0.04975417265505773,-0.039057189489821384,-0.06373838344257378,-0.3284275083723975,-0.15434815240355337,0.00837730664583461,-0.006791095242910319,0.1036652271858008,0.013090608085089807,-0.029117999659889964,-0.09867849814163593,-0.2757816505261638,0.1743909295040767,0.03271476327183728,-0.04723276056040908,-0.03486679424564539,0.013985371536605977,0.04829211380430295,-0.1804529692171093,-0.12011700528183324,1.0,0.008680610018069579,-0.07983432772586696,0.27231427320853974
123,0.23728562082396618,0.41447329006366823,-0.11290541113368341,0.18441073359721497,0.0739116992565175,-0.017113029316558413,0.07433098549133808,-0.06639920125119898,-0.2701838254483537,-0.0035822485586024344,0.16545776210070912,-0.009608267531371019,-0.14087962282360586,-0.23470780307881703,0.15039477565070325,-0.20475897871355211,-0.3214804286675114,0.038292565437006446,-0.2652800002475061,-0.03167191804915653,0.2131154661413582,-0.07888883388280168,0.14320977141193267,-0.22043141568562166,-0.019902325895378378,0.31137030056161696,-0.06463629867119997,-0.30075656562032405,-0.14840318035799116,-0.007150787989145317,0.03251432676872662,-0.23472263412096786,-0.43658165377455704,0.052196660964715334,-0.1344075531504218,0.04797061751568842,0.12085612363019756,-0.40766357628151534,0.02794796339165309,-0.0027747963424510106,-0.055708587828379647,0.35724553003857845,-0.2031728461544035,-0.06792870341993427,0.251313679496412,-0.0689800211230354,0.0304779445922597,-0.0741859094258508,0.08400907188449522,-0.09685180735234586,-0.013605325697646706,-0.14882172897270152,-0.2754573202742482,0.0016035581098889137,-0.33438070759763877,-0.03245792476471758,-0.08012712142775034,0.0911439396856428,0.2742616777677872,-0.04110430623101665,-0.21201607659217436,-0.10548371168348755,-0.05058800921380143,-0.2713588786943148,0.04110509402914967,0.39196827701942216,0.06776703328248741,0.0051626137427345595,-0.4050270610966921,-0.2340073839396555,0.14517627246744266,0.2109542818352633,-0.137434080449967,-0.06645034107677597,-0.006114721099132371,0.05877416018360069,-0.14708230747480713,0.09602594735858647,0.05936758935565362,-0.0639871226960679,-0.1728124379658573,0.4368967370230418,0.15382632863611173,0.008680610018069579,1.0,0.23828225213756535,0.06664533314214448
125,0.09370287022854457,-0.21648699459241263,0.018313766679126965,0.23225354397635292,-0.19047336745310756,0.16752496536196193,0.0023732248429628,-0.24673177549961595,-0.09180909980349161,-0.013982684091404516,-0.14928947827023803,0.1609461173530749,-0.04365666302820162,-0.018765122233516528,-0.0358577263605444,0.13948816476933562,-0.044869093337208545,0.17632365483008156,0.09479661616325036,-0.06517643187277142,0.10399481452826814,0.1373347235739066,0.06812907535032478,-0.13287941923643146,-0.12150038916725182,-0.015272623512149362,-0.08924054687326963,-0.15920072314174102,-0.13119636866819104,-0.156381631344945,-0.06436417818200414,-0.12292704216515778,-0.2608932030889673,-0.06430976794109587,-0.22571414064033682,0.08641846333737889,-0.09222565651831133,-0.12354571401334276,-0.07025083624727693,-0.23912308382782194,-0.1491702195331947,-0.03021561538909337,-0.019843853632388112,-0.056910077355871024,-0.09527699145141098,-0.05037640214699142,-0.2517927626115635,-0.19369690792413832,-0.015359528386058951,-0.07065098839407033,0.04283365464388759,0.0966926405105728,-0.04257609980366879,-0.11561776747577598,0.06582382627067447,-0.14842775149343906,-0.18087691399167308,-0.11017353449553711,0.17235688745233216,-0.13455648958117666,0.21093486716101362,-0.018407334007201355,-0.2266265131545665,-0.14113646870955948,0.11439813555235961,0.12745341396541018,0.022740832488131992,0.11645271241393648,-0.1518969798147818,-0.14508964909327776,-0.19923180427771203,0.06941659010399151,-0.03791733861013386,-0.12640383839963792,0.34571318153613145,0.061365708172164836,0.030508440703054526,0.06325911171263132,0.059877216803207324,0.06580459814880221,-0.25601612333849705,0.3939720412739924,0.12041997834802305,-0.07983432772586696,0.23828225213756535,1.0,0.16311405184021266
126,0.24045210653682597,0.07729250502175543,-0.053630398862703293,-0.03111069956568156,-0.2670786989754896,0.112098119995109,-0.26801287474979346,-0.019350532665343208,-0.0011058095228598218,-0.06641320511265945,0.07765296221729956,0.22346532092769086,0.021735292059444435,-0.008027932982298092,-0.20477479661150266,0.02289779045662357,0.1450938891410342,0.06158859883085751,-0.18238196809775215,-0.08841918413427619,0.07354577687833781,0.12951644527695366,0.13206852321475157,0.05711924004985387,-0.23795185888679293,-0.17143560117351542,-0.12075185171258647,-0.3425201898303896,-0.3298929118182677,-0.20442910369045575,-0.1875414052146394,-0.11203486238568128,-0.09513938373502447,0.12184277440095054,-0.439327539464011,0.14086985513115322,0.16226804867629985,-0.22072087333572615,0.04090961185225467,-0.0294556238144981,0.10143002523514427,-0.10916568524066936,-0.25027149032610535,-0.20240591162194435,0.11096998472655456,-0.06812822260331267,0.0648905314279498,-0.35190873944353157,0.1572181856395019,0.18679771191634445,-0.016623189258104947,-0.002953944717907251,-0.05448467423811185,-0.03641940863756784,0.09951172940273315,-0.2089214758986367,-0.0975390241079654,-0.15212690905823484,0.3062109724336408,0.10893175242733938,-0.2234241463168306,-0.029788632995824738,-0.4231310277752209,-0.11932072217505264,-0.12514327878426218,0.1894637797356579,-0.06849087082563858,0.034672391595702734,-0.103095020337162,-0.11551180682529816,0.03511543920892783,0.2651648158523493,0.16746647540849596,-0.3213108961005848,0.26561594144982026,0.08846942203722084,-0.23964820659759697,0.0073665010388194495,0.10233801744080227,0.021972117369745647,0.1291289935666572,0.35714582228747604,-0.01751908159974799,0.27231427320853974,0.06664533314214448,0.16311405184021266,1.0
